es_LA;004fcaa7213d182c40765ec8e6c82f52;{name1} and {name count others} are suggesting {product count products} on {Me Gusta}.;
es_LA;0155c92d44896e8c0eb8832116ff3b07;{name1} wished this.;{name1} desea esto.
es_LA;016119585304f9f91300cf94d18a332b;{name1} and {name2} loved {product1} and {product count other products} on {Me Gusta}.;{name1} y {name2} aman {product1} y {product count other products} en {Me Gusta}.
es_LA;f9f5b00bfb08c09564db56eebfe2b011;{product count} products;{product count} productos
es_LA;0260d670c61f4c31bf2e544509000472;{name1} and {name count} others loved this.;{name1} y {name count} otros aman esto.
es_LA;02809763922dcedb41e1be241a8e0790;{name} had a product on {application}.;{name} tiene un producto en {application}.
es_LA;fbd582f6b3c5d8f106daea1847f0c0cc;{name count} others;{name count} otros
es_LA;f8f85a53de872821de7c4ab1e7344f22;{product count} other products;{product count} otros productos
es_LA;04812aa3397eb6f7a96a2eff7f08b3c0;1 other wished this.;Alguien más desea esto.
es_LA;05b78d7a1fd6a02184d2f3771f9e98df;{name1} and {name2} asked you for {=[count] contents and other requests}.;
es_LA;05ddcb9691b2b7bd403fe0c60ba155fb;{name1} and {name2} loved this.;{name1} y {name2} aman esto.
es_LA;0692eef059daabb5556f2cfd4aa2678d;{name} asked you for {=[count] products and other requests}.;
es_LA;080a8c277882b35416b92d752f386e85;You and {name1} thought about this.;Usted y {name1} pensaron algo sobre esto.
es_LA;080c7a72d1bdcd281d1646a03c3d3985;{name1} is wishing a product on {Me Gusta}.;
es_LA;091e268b646b60efd83b77e7d08ba32b;{name1} and {name2} sent you {=a content and other requests}.;
es_LA;094ef7fd90d36c3cf221ffac444ceffc;{name} asked you for {=a product}.;
es_LA;d3d6e8564ca5d617e86765d19e869573;a content and other requests;
es_LA;0ac53a772890bf8bf2e8beffec800257;{name1} is wishing {product count products} on {Me Gusta}.;
es_LA;0bd835ab429bea6b23f0742f1d74d6e7;{name} sent you {=a content and other requests}.;
es_LA;0c49ef5523e3bcb5277d975ed52d234d;{name1} is wishing {product1} and {product2} on {Me Gusta}.;
es_LA;0cb9bfb1faa1cfed963c377a7a7b9093;{name1} and {name2} loved {product count products} on {Me Gusta}.;{name1} y {name2} aman {product count products} en {Me Gusta}.
es_LA;675ac1493f6bc3901164134c8996b3bc;1 content;1 contenido
es_LA;0e101aaa3b7a657339d2540e30cbe399;Is wishing {product1} on {Me Gusta}.;
es_LA;0eb7954d817f8c1550f80e1c7ebba864;{name1} and {name2} thought about {product1} and {product2} on {Me Gusta}.;{name1} y {name2} pensaron algo sobre {product1} y {product2} en {Me Gusta}.
es_LA;0f9a24808340d55640c2de2b5e3a3295;{name} had {number} products.;{name} tiene {number} productos.
es_LA;103ce5320c19756010c8be70a4bddaaf;products he wished;productos que él desea
es_LA;1211f2fa554d8d7255e12442b2771bbb;{name1} and {name count others} are thinking about {product1} and {product count other products} on {Me Gusta}.;
es_LA;12214acb1b8821f54e87adaa3a2a13ef;a product you loved;un producto que usted ama
es_LA;12473e0f5fb2bed0765c1bd8301e3a87;{name1} and {name2} are suggesting {product1} on {Me Gusta}.;
es_LA;131f6840a6e9a9bc6190c5a1116eda69;{name1} and {name count others} are loving {product1} and {product2} on {Me Gusta}.;
es_LA;13584b0f044d6fb5ba5d9458599639b4;{name1} and {name count others} loved {product count products} on {Me Gusta}.;{name1} y {name count others} aman {product count products} en {Me Gusta}.
es_LA;1472446c367cf4b23c2dbcdb19f76bf8;{name1} and {name count others} thought about {product1} on {Me Gusta}.;{name1} y {name count others} pensaron algo sobre {product1} en {Me Gusta}.
es_LA;f70b9c2eba901784372428d9eeec28b4;a product;un producto
es_LA;16c70ba7af6652d3446fc48eb7c87044;{name1} loved {product1} and {product2} on {Me Gusta}.;{name1} ama {product1} y{product2} en {Me Gusta}.
es_LA;1764455f401852989a25108fe0ee9d96;{name1} is suggesting a product on {Me Gusta}.;
es_LA;17a3d703ed81ef614370746bfa48842c;{name1} and {name2} thought about {product1} on {Me Gusta}.;{name1} y {name2} pensaron algo sobre {product1} en  {GetSocial C ac} en {Me Gusta}.
es_LA;183d04f55bd9a43740bc5c5f44875c65;{name} had a product.;{name} tiene un producto en {application}.
es_LA;1867222a15801cd470ffab5b5fea8fbe;{name} is having {number} products on {application}.;
es_LA;f2ace12286df5e5bc28eac65cbfed52f;{count} contents and other requests;
es_LA;18ba6228cd1c64efba63e56cc0d79ae7;{name1} and {name count others} sent you {=a product and other requests}.;
es_LA;19b87eb1d4ad01a15b717bac90c4f212;{name1} and {name count others} had {product1} and {product count other products} on {Me Gusta}.;{name1} y {name count others} tienen {product1} y {product count other products} en {Me Gusta}.
es_LA;19c6a7641f8b280419c268af282a8625;{name} sent you {=a product}:;
es_LA;19f64d5fbeb9992bbc63f1d88de494b2;{name1} and {name count others} wished {product1} and {product2} on {Me Gusta}.;{name1} y {name count others} desean {product1} y {product2} en {Me Gusta}.
es_LA;1a835191dedda1d89ecf281f5b0e16e0;a product {name} thought about;un producto sobre el que {name} pensó algo
es_LA;fe1f14a9258530f567caf28c7cd91003;{count} products;{count} productos
es_LA;1cf262c89ba7a2d8583fb8b864edb39c;products they thought about;produtos sobre los cuales ellos pensaron algo
es_LA;1dd785a534bc405e30279695f2ce73b6;{name1} loved {product1} and {product count other products} on {Me Gusta}.;{name1} ama {product1} y {product count other products} en {Me Gusta}.
es_LA;1e7cb3960020e785ff6f9e4af860a361;{name1} and {name count others} sent you {=a content and other requests}.;
es_LA;1eb3aa8a4c284ab1ca76184659beb12a;{name1} and {name2} suggested a product on {Me Gusta}.;{name1} y {name2} recomiendan un producto en {Me Gusta}.
es_LA;1f26c14da1e11d3c6d5ffe7ff5eb9e03;{name1} and {name count others} are thinking about {product count products} on {Me Gusta}.;
es_LA;1f771203cc7a6f62e2cf9c9df4e2dd06;{name1} and {name2} sent you {=a product}.;
es_LA;203c600a9e04fab216ca82d47ee6742a;{name1} and {name count others} had {product1} on {Me Gusta}.;{name1} y {name count others} tienen {product1} en {Me Gusta}.
es_LA;208a3fb081ce6adf19dbefb1e31b524e;a product you had;un producto que usted tiene
es_LA;2098e0cf23e47be3e9ac3014266232c0;{name1} and {name2} wished {product count products} on {Me Gusta}.;{name1} y {name2} desean {product count products} en {Me Gusta}.
es_LA;20c22385c7c56264d9bf0489e4fa181a;You and 1 other thought about this.;Usted y alguien pensaron algo sobre esto.
es_LA;211ef109d894482d0ad8dbf7b564f211;{name1} and {name count others} asked you for {=a product}.;
es_LA;21424403060526f2023796d5ef6ad2be;{name1} and {name2} are wishing {product1} on {Me Gusta}.;
es_LA;21e5a0498886d5d8931ba872a23e8a47;a product he thought about;un producto sobre el que él ha pensado algo
es_LA;229fc75b1ae97e4c9cedf4af86ff3d0f;{name1} had this.;{name1} tienen esto.
es_LA;22e2958441d77190c010d1a1f5655d66;a product you wished;un producto que usted desea
es_LA;237dfafce302a2bc11350b69e4b63320;{name1} and {name2} are thinking about {product1} on {Me Gusta}.;
es_LA;23ca8d077114bc2b48f54d7022240346;{name} is thinking about a product on {application}.;
es_LA;ff2d9fbcea8345a52d43a42ed4ee290c;{count} products and other requests;
es_LA;25b7d54e28e9bfc136a87c29da39683c;{name1} and {name count others} are having {product1} and {product count other products} on {Me Gusta}.;
es_LA;25c8ec0561feb6651330341b58fdc4ed;Be the first of your friends who is thinking about this.;
es_LA;2621fb7cb1a3fdc1ce9c999c2c6ac4f8;a product she wished;un producto que ella desea
es_LA;26767d37a0bc6815306c508e4efe1434;You and 1 other suggested this.;Usted y alguien más recomienda esto.
es_LA;282918e19b6ae61b410b129e00979314;Suggested {product1}.;Recomiendo {product1}.
es_LA;28aa8ecd28fbb0386e4ecd2833c0c0f3;{name1} and {name count others} loved {product1} and {product2} on {Me Gusta}.;{name1} y {name count others} aman {product1} y {product2} en {Me Gusta}.
es_LA;2952b920043a6a72bb9651cfdc81be1c;a product he wished;un producto que él desea
es_LA;2a12419070c444cd12b0537258ddd7a1;{name1} had a product on {Me Gusta}.;{name1} tiene un producto en {Me Gusta}.
es_LA;2a740fd2fb68fa5c0e0d7bdd54b03569;your product;su producto
es_LA;2aa775d2f2a1ac788ef37b4f03e8caab;{name} is wishing a product on {application}.;
es_LA;ece909968ed32291f73dd2f08e40c491;a content;un contenido
es_LA;2bad15f03ab2a3b538da8eaf6d32b651;{name1} and {name count others} thought about {product1} and {product count other products} on {Me Gusta}.;{name1} y {name count others} pensaron algo sobre {product1} y {product count other products} en {Me Gusta}.
es_LA;2c2c0d298e4d91f2114bb2d9546a8b21;a product he loved;un producto que él ama
es_LA;2ce3b2ae8b878cf5ac8597719f85cf74;{name} asked you for {=a content}:;
es_LA;2e87b63e1562e4744498038f0c14f636;{name} asked you for {=[count] contents and other requests}.;
es_LA;2eea9f8a5cde39e9ab07d57e515c894c;{name1} is having {product1} and {product2} on {Me Gusta}.;
es_LA;2f482604ad6d939cf202d3579db193d7;{name1} and {name count others} sent you {=[count] products}.;
es_LA;2f93df358bf5a3b2e23bd2f215d12950;{name1} and {name2} thought about {product1} and {product count other products} on {Me Gusta}.;{name1} y {name2} pensaron algo sobre {product1} y {product count other products} en {Me Gusta}.
es_LA;2fbf7a3398ebd9734f9fc42261fbf075;You and {name count} others suggested this.;Usted y {name count} otros recomiendan esto.
es_LA;303b3962ef60a2d7b42863d1f7e06a3d;Add your contents to your timeline.;Agregue sus contenidos a su línea de tiempo.
es_LA;32191a12c0ebe8744402612c19920420;{name1} and {name count others} are suggesting a product on {Me Gusta}.;
es_LA;32488c21377b5a2861953c39f6217ba2;{name1} is thinking about {product count products} on {Me Gusta}.;
es_LA;32a589d1500bc0554ec5d86f15bc5af9;{name1} and {name2} thought about a product on {Me Gusta}.;{name1} y {name2} pensaron algo sobre un producto en {Me Gusta}.
es_LA;32f749d3e164876e470f6b2c694eba0e;{name} sent you {=a content}:;
es_LA;3347925f450647ddaf4c8e9639882641;You and {number} others had this.;Usted y {number} otros tienen esto.
es_LA;33a830b2df46e93c87eeb03b41d82779;{name1} and {name2} thought about {product count products} on {Me Gusta}.;{name1} y {name2} pensaron algo sobre {product count products} en {Me Gusta}.
es_LA;344d3c6564dffd7f31a88b0670d179e5;{name1} and {name2} had {product1} and {product2} on {Me Gusta}.;{name1} y {name2} tienen {product1} y {product2} en {Me Gusta}.
es_LA;34b8804ac3f3d799472ff6c0f30d4ab0;Had {product1}.;Tiene {product1}.
es_LA;35e5ab73c68a4db78363c6e62817f5fa;{name1} and {name count others} are thinking about a product on {Me Gusta}.;
es_LA;36c5b872fc18cea96fb3e94f26dcf8e0;{name1} and {name2} had this.;{name1} y {name2} tienen esto.
es_LA;36ebaf3230f26fd8fe623da0584bdec3;{name1} and {name2} sent you {=a product and other requests}.;
es_LA;3706503b544341b998f52f62242068d4;{name1} and {name count others} loved a product on {Me Gusta}.;{name1} y {name count others} aman un producto en {Me Gusta}.
es_LA;3773490faad53107cc91708e12df97be;{name1} suggested {product1}.;{name1} recomienda {product1}.
es_LA;37d07fb47bd90e6566f205b7d6976777;{name1} and {name count others} are thinking about {product1} on {Me Gusta}.;
es_LA;388b41eb6895442d9225f058cefef239;You and {number} others wished this.;Usted y {number} otros desean esto.
es_LA;391abbbfd538cb36998bdcf2dcc24bbb;Be the first of your friends who is suggesting this.;
es_LA;3b9cb831f55fc4b72bda6f21437594c4;{name1} is wishing {product1} and {product count other products} on {Me Gusta}.;
es_LA;3c307d5946084d0452ddc4becd490efb;{name1} and {name count others} asked you for {=a content}.;
es_LA;3c934c0311f3aed36c9117799c57f570;{name1} had {product1} on {Me Gusta}.;{name1} tiene {product1} en {Me Gusta}.
es_LA;3cbbf15301be5a3d84a4d5b28b5037c2;{name} is wishing a product.;
es_LA;3ccf139973e266624a84203d80074287;{name1} loved {product1} on {Me Gusta}.;{name1} ama {product1} en {Me Gusta}.
es_LA;3d725b0ea0e2990c1f84b7a6ddfabcc8;{name1} and {name count others} are having a product on {Me Gusta}.;
es_LA;3db339157b95366e74f1dfeb5afc06e2;{name1} wished a product on {Me Gusta}.;{name1} desea un producto en {Me Gusta}.
es_LA;409e95ce37f81cffd61cf3cb81a1ad0f;You and 1 other loved this.;Usted y alguien más ama esto.
es_LA;4188c8940e26087bfc905710aae4c276;{name1} and {name2} are wishing a product on {Me Gusta}.;
es_LA;429277bfade16cd8d28b45e5cb408653;products she had;productos que ella tiene
es_LA;4332aa44a492be2e9990bb4bebc36299;{name1} and {name count others} are having {product1} on {Me Gusta}.;
es_LA;43ab2b290664e6ca24fab026dd2a5ea2;{name1} and {name count others} suggested {product count products} on {Me Gusta}.;{name1} y {name count others} recomiendan {product count products} en {Me Gusta}.
es_LA;4568d482050b9f7b4f6c2f883905996b;Is suggesting {product1}.;
es_LA;45f5a9d4cbe9d8c80b15058a73350975;Be the first of your friends who is having this.;
es_LA;46007e274c9b36a47367816ee69dc722;a product he had;un producto que él tiene
es_LA;461b6a174f6d94f108f10cc569402b18;Had {product1} on {Me Gusta}.;Tiene {product1} en {Me Gusta}.
es_LA;46d2beec6687fafb5e611823ae140fea;products you wished;productos que usted desea
es_LA;46e0200ad3bb79a5a7da7bc88f47cb07;{name1} suggested a product on {Me Gusta}.;{name1} recomienda un producto en {Me Gusta}.
es_LA;8acba4630f44d0565fffa79d155b1815;1 product;1 producto
es_LA;4750edb7b60665dc460c4173d81c224d;{name1} and {name2} are loving a product on {Me Gusta}.;
es_LA;47b3f2d5df84ffa5c728329978622445;a product they thought about;un producto sobre el que ellos han pensado algo
es_LA;47cb54a9a821baac23b38e90984899e9;a product {name} suggested;un producto que {name} recomienda
es_LA;492b45608be17226171555d2076082a3;{name1} suggested {product1} and {product2} on {Me Gusta}.;{name1} recomienda {product1} y {product2} en {Me Gusta}.
es_LA;49827472cf16933930437d1d9ad9724f;{name1} and {name2} are suggesting a product on {Me Gusta}.;
es_LA;49ca4a89acb957562b483e1d477e99f0;{name1} and {name count others} asked you for {=a product and other requests}.;
es_LA;49d4251a8f623fbdaad6900408009c38;1 other suggested this. Be the first of your friends.;Alguien más recomienda esto. Sé el primero de tus amigos.
es_LA;4af023b3927af0cad0cde69d9b98dc1b;You and {name1} suggested this.;Usted y {name1} recomiendan esto.
es_LA;4b355ef91205d806fb75b1f8114ab86e;products he had;productos que él tiene
es_LA;4b3960a58e22298aa62415d133ed4b01;{name} loved {number} products on {application}.;{name} ama {number} productos en {application}.
es_LA;4b3e18abc6b87a77763159355bcf7e5b;{number} others loved this.;{number} otros aman esto.
es_LA;4bb06206285034b7166492bc73da3505;a product she loved;un producto que ella ama
es_LA;4bde170a2fc106c306d7c78b85c975c4;{name1} and {name count others} are wishing {product1} on {Me Gusta}.;
es_LA;4c0f966338a88a1d1ef6c9524fcb8caf;{name1} thought about a product on {Me Gusta}.;{name1} pensó algo sobre un producto en {Me Gusta}.
es_LA;4d119c15f7559d17afb0e730d56103eb;{name} is loving {number} products.;
es_LA;4d6a87ad507d28772ddb35597cbb32c2;{number} others loved this. Be the first of your friends.;{number} otros aman esto. Se el primero de tus amigos.
es_LA;4daa0aecec02dc15cc5c8e19161bda5e;{name1} and {name2} asked you for {=[count] products}.;
es_LA;500c6ebeb0558c742dd200737d776a1b;{name} sent you {=a content}.;
es_LA;50b678e9c77bc444fda7a02c8f5fa448;{name1} and {name count others} wished {product1} on {Me Gusta}.;{name1} y {name count others} desean {product1} en {Me Gusta}.
es_LA;51ebc017737c3e6aa3b451817bd6f7b7;{name1} and {name2} sent you {=[count] products and other requests}.;
es_LA;520ec7c48c5b1411d8cdbe4950acbc56;{name1} thought about {product1}.;{name1} pensó algo sobre {product1}.
es_LA;e97d2f5737bf51632b3b7f9e8650aa97;a product and other requests;
es_LA;52c2f7ac503d96cc7db72a8b385258c8;products he thought about;productos sobre los cuales él ha pensado algo
es_LA;52d638eee5598d02cf32449e7f016546;{name1} and {name2} asked you for {=[count] products and other requests}.;
es_LA;52e1de93db963853b748419cdccfa820;a product she thought about;un producto sobre el que ella ha pensado algo
es_LA;546fc7edc1d7c6c9762c1466a93afbdb;{name1} and {name count others} are wishing {product1} and {product2} on {Me Gusta}.;
es_LA;5544ec72639c4c787d6aa69ae68c86af;products they had;productos que ellos tienen
es_LA;55581e1b37392cedf0b7b4d80f1bd5d0;You and {name1} loved this.;Usted y {name1} aman esto.
es_LA;556bbd1ba07321d238840fa538c44cd3;products she suggested;productos que ella recomienda
es_LA;560fa8b970082f4b293119c3dd7c7c1f;{name1} and {name count others} loved {product1} on {Me Gusta}.;{name1} y {name count others} aman {product1} en {Me Gusta}.
es_LA;5622d84260d47ed46c5aae425d460670;{name1} suggested {product1} on {Me Gusta}.;{name1} recomienda {product1} en {Me Gusta}.
es_LA;56329ee98a73563fe23a0fd1907fe441;{name1} is suggesting {product1} and {product2} on {Me Gusta}.;
es_LA;56cd97eb77e5e36315141b5fa33889e2;{name1} and {name2} suggested this.;{name1} y {name2} recomiendan esto.
es_LA;579ca8d7d11ffc29b6c6dd2d898d1715;{name} is suggesting a product on {application}.;
es_LA;579f1681b6c440bb22119f45315006cb;You and {number} others suggested this.;Usted y {number} otros recomiendan esto.
es_LA;580940075fca5d59ab7e5655d22110fe;{name1} is having a product on {Me Gusta}.;
es_LA;594d22a80836e84f8af8b3caf62e9169;{name} wished {number} products on {application}.;{name} desea {number} productos en {application}.
es_LA;597dc525bd0a3d1f1760914b105a04b8;{name1} and {name2} sent you {=[count] products}.;
es_LA;59909bde5c5dec0eee316a15bf586996;{name} loved a product.;{name} ama un producto.
es_LA;59adb70661bf769cbfe6204b61f999f0;{name1} and {name count others} are wishing {product1} and {product count other products} on {Me Gusta}.;
es_LA;5aa51b1493b4621f88f5975260de6d5f;Wished {product1}.;Desea {product1}.
es_LA;5b8c571dd008b609eee0f9b528aa8ecb;Thought about {product1}.;Pensó algo sobre {product1}.
es_LA;5bdb566ea4b81014ba6299fd034c7686;{name} is suggesting a product.;
es_LA;5ce78593d38388f56088e052612f2954;{name} sent you {=[count] contents and other requests}.;
es_LA;5d27c298bbf05747a079e4a4fdc06f7a;a product he suggested;un producto que él recomienda
es_LA;5dee9ca20841588f430645af17ea2068;{name} asked you for {=a content}.;
es_LA;5e7356fbd32e8c12f8358384a9bfd882;{=1 content} asked for by {name};
es_LA;5f50d8b6d47793fe05f66d9d298a4643;{name} wished a product.;{name} desea un producto.
es_LA;5f7c7075f5679919d0c23325ac2bd78f;{name1} and {name2} are thinking about a product on {Me Gusta}.;
es_LA;5fb6d96c73453637f150563b53e7bd12;{name1} is thinking about {product1} and {product2} on {Me Gusta}.;
es_LA;60aafa20ab9381a286fe82a9829e9393;{name1} and {name count} others suggested this.;{name1} y {name count} otros recomiendan esto.
es_LA;615f173c6fce073369f225e443649f67;1 other loved this. Be the first of your friends.;Alguien más ama esto. Sé el primero de tus amigos.
es_LA;6203f19b8ee6c91e5cb856bb1b359f3b;{name1} and {name count others} are loving a product on {Me Gusta}.;
es_LA;627b2c13b7434bafb4a9762b6061589e;{name1} had {product1} and {product2} on {Me Gusta}.;{name1} tiene {product1} y {product2} en {Me Gusta}.
es_LA;628cbbef7957acd866f9c5a96cf6c224;{name1} and {name count others} are having {product count products} on {Me Gusta}.;
es_LA;630300c4fe73322a4970d2d77b10deb1;Is having {product1}.;
es_LA;630a5e21bc20629e420fcf867b43a282;{name} suggested {number} products on {application}.;{name} recomienda {number} productos en {application}.
es_LA;641f44fc53399b33a7c5a551df87eaae;Is thinking about {product1}.;
es_LA;64d89ec7b692efbf0cf25b8d36e118a5;{number} others had this. Be the first of your friends.;{number} otros tienen esto. Sé el primero de tus amigos.
es_LA;650a4306346414e62963d22de5a88df2;{name1} wished {product1} and {product count other products} on {Me Gusta}.;{name1} desea {product1} y {product count other products} en {Me Gusta}.
es_LA;656f669041942ae26167f2b4fe85aa66;You and {name count} others wished this.;Usted y {name count} otros desean esto.
es_LA;6585863991f4459ca7348839df59dac4;You and {number} others thought about this.;Usted y {number} otros pensaron algo sobre esto.
es_LA;66520aaedcdd9467e09def92f245e1ce;{name} sent you {=[count] products}.;
es_LA;66674b7688fbd73f304cdd7f8b30da0f;{name} is wishing {number} products.;
es_LA;667cde08497485b819c5c73e66fddff4;{name1} and {name count others} sent you {=[count] contents and other requests}.;
es_LA;678196e325635cb33b7b98aa225b87af;products {name} had;productos que {name} tiene
es_LA;6821edda7b9e5ec136229dcb2f36eb17;{name1} and {name2} are wishing {product1} and {product2} on {Me Gusta}.;
es_LA;6850bbff6a7aed08314fc6ac34c33eef;Is having {product1} on {Me Gusta}.;
es_LA;69e3b3600443d9961f094dd3ea8cf742;{name1} and {name count others} loved {product1} and {product count other products} on {Me Gusta}.;{name1} y {name count others} aman {product1} y {product count other products} en {Me Gusta}.
es_LA;6b5f9b22bd7fc74dbddfa6ba6387fbc7;{number} others thought about this. Be the first of your friends.;{number} otros pensaron algo sobre esto. Sé el primero de tus amigos.
es_LA;6c2ff54b88493b8233b2dc4a9e20b763;{name} asked you for {=[count] contents}.;
es_LA;6c5f269ceb1833299869dd3fffb6fd88;{name1} and {name2} asked you for {=a product and other requests}.;
es_LA;6c88de53d61e9d5d6f74ca3ec6fc744d;{name1} and {name count others} had {product1} and {product2} on {Me Gusta}.;{name1} y {name count others} tienen {product1} y {product2} en {Me Gusta}.
es_LA;6d8470f71b74f53567079cbfe47ebe3e;{name1} and {name2} are loving {product1} and {product2} on {Me Gusta}.;
es_LA;6da031546431cb4fe2adb3a60f81fc54;{name} sent you {=[count] products and other requests}.;
es_LA;6db27e345b397fbdd2b5fd6167cc98bb;Is suggesting {product1} on {Me Gusta}.;
es_LA;6e0907507baa640dd6bd1141959481a2;{name1} and {name count} others wished this.;{name1} y {name count} otros desean esto.
es_LA;6e20a95d7638351fa77ec7c755a66c7b;{name1} and {name2} are thinking about {product count products} on {Me Gusta}.;
es_LA;6eda829973b298b9fc32f06858464634;{name} thought about a product.;{name} pensó algo sobre un producto.
es_LA;6ee4dc90d6419d68afcca76f0c2bc154;a product {name} had;un producto que {name} tiene
es_LA;6f37c269d015c3ff40cd599dea1c3c8d;a product {name} wished;un producto que {name} desea
es_LA;6f45dc418959b74d8b1fe5a7c12da366;{name1} suggested {product count products} on {Me Gusta}.;{name1} recomienda {product count products} en {Me Gusta}.
es_LA;6f46a95ac9f1796dfb66de1888b1ebec;Is loving {product1} on {Me Gusta}.;
es_LA;704d39d560fa16611e33b09b71a49bbc;{name1} and {name count others} are loving {product count products} on {Me Gusta}.;
es_LA;7145de528d33f0c17884b7e65a7a94d1;{name1} and {name2} wished a product on {Me Gusta}.;{name1} y {name2} desean un producto en {Me Gusta}.
es_LA;71517b8f5fe67f966ab137691755ef1f;You and {name count} others had this.;Usted y {name count} otros tienen esto.
es_LA;71a74ba7c4c0b8a4eb0e4f0347cd1703;{name1} and {name count others} asked you for {=[count] products}.;
es_LA;73d82641d2f33f0a170a0e935e1e4759;{=[count] products} sent by {name};
es_LA;744562c1e214cbda22d6d18e022d6827;{name1} and {name count others} suggested {product1} and {product2} on {Me Gusta}.;{name1} y {name count others} recomiendan {product1} y {product2} en {Me Gusta}.
es_LA;758dccbaa423c7d080e18356f248be2b;{name1} and {name count others} asked you for {=[count] products and other requests}.;
es_LA;76a4fa7fb9ca9d45581a13d7ad5f6b7a;{name} is thinking about {number} products on {application}.;
es_LA;7707605883906087cdc04dc3aba69bae;{name1} and {name2} had {product1} on {Me Gusta}.;{name1} y {name2} tienen {product1} en {Me Gusta}.
es_LA;785ec38926bc95cf39691dd882387b5c;Loved {product1}.;Ama {product1}.
es_LA;78a41efc3b87a47a6e79ca7703b615a0;{name1} and {name2} loved {product1} and {product2} on {Me Gusta}.;{name1} y {name2} aman {product1} y {product2} en {Me Gusta}.
es_LA;78a5100b45f9a5d68238978c65b3d190;{name1} is loving {product1} and {product2} on {Me Gusta}.;
es_LA;78fb588cd457382fd4c0bff0df4fedf2;{name1} and {name count others} suggested {product1} and {product count other products} on {Me Gusta}.;{name1} y {name count others} recomiendan {product1} y {product count other products} en {Me Gusta}.
es_LA;7b7e015f904883929951daa183ebc5fb;{name1} and {name count} others had this.;{name1} y {name count} otros tienen esto.
es_LA;7bd8d3e0fbcb6a6111ecf3ad58eb89b6;{name1} and {name2} asked you for {=[count] contents}.;
es_LA;7c9c0091df23d979903afb3c9bdcdfea;You and {name count} others thought about this.;Usted y {name count} otros pensaron algo sobre esto.
es_LA;7ce394f0f2d6c57fbd8f16e3431edd11;{name} is having {number} products.;
es_LA;7db1161d358a5f058db66bdeda25f919;{name1} and {name count others} are thinking about {product1} and {product2} on {Me Gusta}.;
es_LA;7dbe6d72be36c7544dcdabcfa2214552;{name1} had {product count products} on {Me Gusta}.;{name1} tiene {product count products} en {Me Gusta}.
es_LA;805db7f7d7b5565158abb552396a54be;{name1} thought about {product1} and {product2} on {Me Gusta}.;{name1} pensó algo sobre {product1} y {product2} en {Me Gusta}.
es_LA;8096d0c8339804034bfdf9f91d0d1f91;You had this.;Usted tiene esto.
es_LA;8163ced723d2e5f270df2b0070346370;1 other thought about this.;1 otro pensó algo sobre esto.
es_LA;81b02c324c1a2440f2329c806176b374;{name1} and {name2} wished this.;{name1} y {name2} desean esto.
es_LA;820db0485933c556310c5a81244e1dd3;{name} is loving {number} products on {application}.;
es_LA;827ae3a71fe00800f7895c37e02cdfdf;{name1} is suggesting {product count products} on {Me Gusta}.;
es_LA;8485748bff94c87ab5d4be71f38e2fac;{name1} is loving {product1} and {product count other products} on {Me Gusta}.;
es_LA;86e59bf98875e448f595dada5dd08ad1;{name1} is suggesting {product1} and {product count other products} on {Me Gusta}.;
es_LA;871a560a23d2c9ee77f3369335fbb8ca;{number} others wished this. Be the first of your friends.;{number} otros desean esto. Sé el primero de tus amigos.
es_LA;874e4ad99f11e0e43888fb6fb9a35554;You and {name1} wished this.;Usted y {name1} desean esto.
es_LA;878cb39daf08f0409dd0d30023dcbd22;Is thinking about {product1} on {Me Gusta}.;
es_LA;87a07a47c78494baf856ad9856dd8502;{name} asked you for {=a product and other requests}.;
es_LA;87f00ccf5b31b8e5335ecc7c200795c0;{name1} and {name2} are loving {product1} and {product count other products} on {Me Gusta}.;
es_LA;8a674f6b726cc77ee423cb0296fed281;{name1} and {name2} asked you for {=a content and other requests}.;
es_LA;8b43b7f94322c0fd51cdb362bd62dd9d;{name1} and {name count others} wished {product1} and {product count other products} on {Me Gusta}.;{name1} y {name count others} desean {product1} y {product count other products} en {Me Gusta}.
es_LA;ef0b7fe259aff7e46fd68c7b48c5877e;{count} contents;{count} contenidos
es_LA;8c4b6b379d6bdff1a4a8ff852dac34ca;{name1} and {name count others} are loving {product1} and {product count other products} on {Me Gusta}.;
es_LA;8c5c3afcf91ed4e2236784ba8bfa2c4f;{name1} and {name count others} asked you for {=[count] contents and other requests}.;
es_LA;8c71fd4c541e00447e95b87f4837f9b5;{=[count] contents} asked for by {name};
es_LA;8d208bbc5fef512513f43bc644e4ef0c;{name1} and {name2} are having {product1} and {product2} on {Me Gusta}.;
es_LA;8de6570990377ac540fcabfd8a031570;a product you thought about;un producto sobre el que usted ha pensado algo
es_LA;8e528789527a4b9ed7e1722536f308bc;{name1} and {name2} are suggesting {product1} and {product2} on {Me Gusta}.;
es_LA;8f1c9c04eab59d1c81025278843f276b;{name} is loving a product on {application}.;
es_LA;8f84ff75b2cf7e70a0357918feb196aa;your content;su contenido
es_LA;8f8fe50b1cf586f085674c6df1a614fd;{name1} and {name count others} are suggesting {product1} and {product count other products} on {Me Gusta}.;
es_LA;9039fb9fe470b3ca331f68647a060bbf;{name1} and {name2} are loving {product count products} on {Me Gusta}.;
es_LA;9235e5d36aac30fc84b1487989bbfb36;{name} thought about {number} products on {application}.;{name} pensó algo sobre {number} productos en {application}.
es_LA;928d27c8644802bccb798730757d177d;Wished {product1} on {Me Gusta}.;Desea {product1} en {Me Gusta}.
es_LA;92a8c52b0466bf0f3c150ece083d8fd1;{name1} and {name count others} are suggesting {product1} and {product2} on {Me Gusta}.;
es_LA;934c6f973dd21f89508c5d89499de3aa;You and 1 other had this.;Usted y alguien más tiene esto.
es_LA;943c853038186577f71ee26204864639;{name1} and {name2} are thinking about {product1} and {product count other products} on {Me Gusta}.;
es_LA;949dd57d5c38e2685d5504728feb6079;1 other suggested this.;Alguien más recomienda esto.
es_LA;94f8896375878f5518261920947aafcb;{name1} and {name2} are suggesting {product count products} on {Me Gusta}.;
es_LA;968ce4a3128fcbe0468bdcd7197bc87d;a product they loved;un producto que ellos aman
es_LA;98259cd3d0c2b9430f7652e08b8a858e;a product they had;un producto que ellos tienen
es_LA;993763cb531edf00d729809875ae5e59;You thought about this.;Usted pensó algo sobre esto.
es_LA;995d2313bef2d7ea05f5b4c067f092d0;{name} wished {number} products.;{name} desea {number} productos en {application}.
es_LA;9a3cc16c2bda4267f2f43f787393190c;{number} others suggested this. Be the first of your friends.;{number} otros recomiendan esto. Sé el primero de tus amigos.
es_LA;9a429d9f132f581ee92e35b0e2d41b36;{name1} and {name2} had {product count products} on {Me Gusta}.;{name1} y {name2} tienen {product count products} en {Me Gusta}.
es_LA;9aba9ac93b876e2c093bdd26b7ba6549;products {name} suggested;productos que {name} recomienda
es_LA;9b586406ab332711aab8887bd3f12a53;{name1} wished {product count products} on {Me Gusta}.;{name1} desea {product count products} en {Me Gusta}.
es_LA;9e7a7f9b2a8159a9d5b35bf5b99b4b5c;{number} others thought about this.;{number} otros pensaron algo sobre esto.
es_LA;9e9c10f5b943a923e9c1b6a263c49977;1 other had this. Be the first of your friends.;Alguien más tiene esto. Sé el primero de tus amigos.
es_LA;9f23976aa4da9302239b6d5c03a26a66;a product {name} loved;un producto que {name} ama
es_LA;9f847e2f408a183c82082f3910f5ed76;{=[count] contents} sent by {name};
es_LA;9fc1ff308fad7b1f3d6bfd0820e5b3d9;{name1} and {name2} are having {product1} and {product count other products} on {Me Gusta}.;
es_LA;a0a2c1628cb2111d28ee6886bd8ef331;1 other had this.;Alguien más tiene esto.
es_LA;a2d4388446d557c4a4eeefaaf21cc9ef;{name1} thought about this.;{name1} pensó algo sobre esto.
es_LA;a3b4dc712ba921b20dbb1f2826952da6;{name1} and {name2} are having a product on {Me Gusta}.;
es_LA;a4c02f65134b10f164024266417211fd;{name1} loved a product on {Me Gusta}.;{name1} ama un producto en {Me Gusta}.
es_LA;a4d962892ab6d9175217fa35da27ca08;products they wished;productos que ellos desean
es_LA;a5b782a302e556b54e19232ab44565df;{name1} and {name2} thought about this.;{name1} y {name2} pensaron algo sobre esto.
es_LA;a6dc333dcdc358490f05d2de31834a0f;{name} had {number} products on {application}.;{name} tiene {number} productos en {application}.
es_LA;a6f1045de80c2ce49b04dbee5f54da1a;{name1} and {name2} sent you {=[count] contents}.;
es_LA;a77e234a254f67c67cc908b2cfc7d7a8;{name1} wished {product1} on {Me Gusta}.;{name1} desea {product1} en {Me Gusta}.
es_LA;a7e9548fff1038016ab8d5655bac0f71;You suggested this.;Usted recomienda esto.
es_LA;a830be0badb380796115aaa9547d8747;{name1} and {name2} are having {product1} on {Me Gusta}.;
es_LA;a8501bc71edea8e96db39d3db06243e7;{name1} is loving a product on {Me Gusta}.;
es_LA;aaab777eeca0144e5c0d8a00e8073d68;{name} suggested {number} products.;{name} recomienda {number} productos en {application}.
es_LA;acf0b4cbaa54ac4099fb1ba42c09dded;{name1} and {name2} are suggesting {product1} and {product count other products} on {Me Gusta}.;
es_LA;ad56f17f94e566614748aad3ac52c055;You and {name1} had this.;Usted y {name1} tienen esto.
es_LA;adba3de1f7911f5b62816b1a86a7a161;{name1} thought about {product1} on {Me Gusta}.;{name1} pensó algo sobre {product1} en {Me Gusta}.
es_LA;ade63129e1116140db36f4a072247650;{name1} suggested {product1} and {product count other products} on {Me Gusta}.;{name1} recomienda {product1} y {product count other products} en {Me Gusta}.
es_LA;adfc5c9a5d3ef3a3651ce77aa6b40439;{name1} and {name2} asked you for {=a product}.;
es_LA;ae6b3f8bed7ef10fd2a7370af02822bd;{name1} and {name count others} sent you {=[count] products and other requests}.;
es_LA;aec38d52fe96dcb32076332dd46d0477;You and {name count} others loved this.;Usted y {name count} otros aman esto.
es_LA;afac61d93b9c3d08b9fd4e15a6ba3496;{name} asked you for {=a product}:;
es_LA;b02056d217a3e0860488a4600ee3d5bf;{name} asked you for {=a content and other requests}.;
es_LA;b07ff36212010b6e24dfee8b2a5cf7e9;{name} is thinking about {number} products.;
es_LA;b1eca8b9a72f78ea0444443ca237b8ad;{name1} and {name2} are thinking about {product1} and {product2} on {Me Gusta}.;
es_LA;b256617791f1803e884e7c51f971ff4e;{name} is loving a product.;
es_LA;b4042b72806869819bbb04a0a714fceb;{name1} and {name2} suggested {product1} on {Me Gusta}.;{name1} y {name2} recomiendan {product1} en {Me Gusta}.
es_LA;b4e8584d2c937b7e092284bb24f4b23d;{name1} wished {product1}.;{name1} desea {product1} en {Me Gusta}.
es_LA;b53117683b2cc76696b602fe4ee22e1f;{name1} and {name2} sent you {=[count] contents and other requests}.;
es_LA;b8d822a748a8fb2a2ea6c0859445a83b;{name1} is suggesting {product1} on {Me Gusta}.;
es_LA;b947c36dbf4d014b28149c96711b787b;products you loved;productos que usted ama
es_LA;b9d5967e7d5dbc44ae0648654557f3e6;products she thought about;productos sobre los cuales ella ha pensado algo
es_LA;b9ef14bba9f6e95a4b32c8c3704e2276;{name} suggested a product on {application}.;{name} recomienda un producto en {application}.
es_LA;ba9ec80798205fa15165f6104617b962;{name1} thought about {product count products} on {Me Gusta}.;{name1} pensó algo sobre {product count products} en {Me Gusta}.
es_LA;badb80a06301b47a14b91f95f2fc1642;{name1} suggested this.;{name1} recomienda esto.
es_LA;bbc9773e00aadae3183bf113019423c3;{name1} and {name2} loved a product on {Me Gusta}.;{name1} y {name2} aman un producto en {Me Gusta}.
es_LA;bd1425f20586db5adb746b3a6f31c3c1;{name1} and {name2} loved {product1} on {Me Gusta}.;{name1} y {name2} aman {product1} en {Me Gusta}.
es_LA;bd56df593d1c3db4aa6cfeced8c1115f;1 other loved this.;Alguien más ama esto.
es_LA;bdb690d5fd762f8c1b3caf211410910d;{name} sent you {=a product}.;
es_LA;be05c7ded17a461d4cf5e50a216a3b99;{name1} and {name count others} are having {product1} and {product2} on {Me Gusta}.;
es_LA;be0c5847da15262e4185b0ca1f8c7112;{name1} and {name count others} suggested {product1} on {Me Gusta}.;{name1} y {name count others} recomiendan {product1} en {Me Gusta}.
es_LA;be7d21c0e7f99bb62afa9d81dc3e09b5;{name1} and {name2} had a product on {Me Gusta}.;{name1} y {name2} tienen un producto en {Me Gusta}.
es_LA;bf020eb1013bb243906eefa0e39e8256;{name1} wished {product1} and {product2} on {Me Gusta}.;{name1} desea {product1} y {product2} en {Me Gusta}.
es_LA;bf10a9df708b8bdafbfd53bc8f2b0cae;products they loved;productos que ellos aman
es_LA;bfa0be07375af4c2e0039959f0fb45f2;Add your products to your timeline.;Agregue sus productos a su línea de tiempo.
es_LA;c04e7e7e4d96dc702d0c798fc5eaedd1;{name1} and {name count others} had {product count products} on {Me Gusta}.;{name1} y {name count others} tienen {product count products} en {Me Gusta}.
es_LA;c059ef9e54bd5fe52a136d06d0390f6e;Be the first of your friends who is wishing this.;
es_LA;c0a37e31b5967176af314e645ed11087;{name1} is having {product count products} on {Me Gusta}.;
es_LA;c18117d4d6d3cc688f27ca345a0931c8;{name1} and {name count others} thought about {product count products} on {Me Gusta}.;{name1} y {name count others} pensaron algo sobre {product count products} en {Me Gusta}.
es_LA;c1aba7a9ed58fe726f2735b688a0fa02;{number} others suggested this.;{number} otros recomiendan esto.
es_LA;c3c648c8822839d7113fec23de705872;{name1} and {name count others} wished a product on {Me Gusta}.;{name1} y {name count others} desean un producto en {Me Gusta}.
es_LA;c4041402d4a26f4f10880953599f6363;products he loved;productos que él ama
es_LA;c54977303384dc4159ec1955721961a2;{=1 product} sent by {name};
es_LA;c64c1d9d3057fe2587c54eba20487205;{name1} and {name count others} asked you for {=[count] contents}.;
es_LA;c66fb478e0287da2027e15a3b4d900e7;{name1} and {name2} sent you {=a content}.;
es_LA;c6d3b12047fb481802c26ee3477c019e;You and 1 other wished this.;Usted y alguien más desea esto.
es_LA;c6d52e41d9d5e077653065543e37dacb;{name1} loved {product count products} on {Me Gusta}.;{name1} ama {product count products} en {Me Gusta}.
es_LA;c74e35339e477c0dbe9fb3ca52cd841d;{name1} had {product1}.;{name1} tiene {product1} en {Me Gusta}.
es_LA;c7ddcd17cd43da14f5bbb361f8aa8d6d;You loved this.;Usted ama esto.
es_LA;c84fd86277df8b7f3e92a7c8caec959a;products they suggested;productos que ellos recomiendan
es_LA;ca9253029d2c0105a415be8d55266b75;{name1} is loving {product count products} on {Me Gusta}.;
es_LA;caf272d497be5a4906282f0a857465bf;a product they wished;un producto que ellos desean
es_LA;cb0ac2a423402b621e948e29bfed66be;Loved {product1} on {Me Gusta}.;Ama {product1} en {Me Gusta}.
es_LA;cb4481e8ad8abed1db6a4a7a29d763cd;Suggested {product1} on {Me Gusta}.;Recomiendo {product1} en {Me Gusta}.
es_LA;ccc2cef59330aa8143778f78c83e1dbf;Is loving {product1}.;
es_LA;cebda76304e6dfc24e024cecc6c082bf;{name1} is thinking about a product on {Me Gusta}.;
es_LA;cecfd367ecbe3944c66409b3ed58a6df;{name1} is having {product1} and {product count other products} on {Me Gusta}.;
es_LA;cf1c0b8896d848419ccc25fce99babfd;{name1} and {name count others} are suggesting {product1} on {Me Gusta}.;
es_LA;cf3d566617a239df708321a5266dd014;a product she had;un producto que ella tiene
es_LA;cf4ca1b1eba35620dd9b8c675ff097b6;{name1} and {name2} are having {product count products} on {Me Gusta}.;
es_LA;d0fb7eb30f9bc0774d3795e3b240dba6;{name1} loved {product1}.;{name1} ama {product1} en {Me Gusta}.
es_LA;d0fd8bde66e23e0c19853b8e3b22b405;products you had;productos que usted tiene
es_LA;d2bd240df5ebe9c7ea66b0112cb5f212;{name1} and {name count others} are loving {product1} on {Me Gusta}.;
es_LA;d2e296f0ecdbd6728b9e503354aaab7f;products you suggested;productos que usted recomienda
es_LA;d4274c679c5eb89b0d32b0f712927f0f;{prod.att_aux_a1} {prod.see_also2};
es_LA;d445790c421daf233c3ead802fc78879;{name} thought about a product on {application}.;{name} pensó algo sobre un producto en {application}.
es_LA;d476142d17e9c9e8413cec7a4c4f6e83;{name1} and {name2} wished {product1} on {Me Gusta}.;{name1} y {name2} desean {product1} en {Me Gusta}.
es_LA;d4a20b921f8b43eaced3b0488a87e9d8;{name1} and {name count others} are wishing {product count products} on {Me Gusta}.;
es_LA;d4c20cde416f36b70247d0cdf09ae26b;{name1} and {name2} wished {product1} and {product2} on {Me Gusta}.;{name1} y {name2} desean {product1} y {product2} en {Me Gusta}.
es_LA;d4e32e31b24ebae9d2f323b01fc0bcc5;{name} is thinking about a product.;
es_LA;d51057bfd149807295ab2047e69e8832;a product you suggested;un producto que usted recomienda
es_LA;d56605c10c625c3849757408596a5210;Be the first of your friends who is loving this.;
es_LA;d57a0e665f1c5500a4ca013df5717cdc;products he suggested;productos que él recomienda
es_LA;d5a842d39d3a7bb88235c1c4d1ed97e1;You wished this.;Usted desea esto.
es_LA;d5b9e1abb444b692500a861a645869f5;{name1} and {name2} asked you for {=a content}.;
es_LA;d619054edafb18259ead8cbb19fb2599;{name1} loved this.;{name1} ama esto.
es_LA;d6bab558b7ac29c2027579d93a095e10;{name} wished a product on {application}.;{name} desea un producto en {application}.
es_LA;d9a7d5943c1b466bff720ad1222f020a;products {name} loved;productos que {name} ama
es_LA;db1732345bd267644f0adaedb08cab2c;{name1} and {name2} are loving {product1} on {Me Gusta}.;
es_LA;dbcb554e674748e706f48b5e84fdf3ad;Thought about {product1} on {Me Gusta}.;Pensó algo sobre {product1} en {Me Gusta}.
es_LA;dbd797f5bce03c3699205fa95da87229;{name1} and {name2} had {product1} and {product count other products} on {Me Gusta}.;{name1} y {name2} tienen {product1} y {product count other products} en {Me Gusta}.
es_LA;dd3ae59947989e70c909db4cfbbb1066;{name1} and {name count others} are wishing a product on {Me Gusta}.;
es_LA;dd71b3dabc4dd0dfabc532cbc8a25044;{name1} and {name count} others thought about this.;{name1} y {name count} otros pensaron algo sobre esto.
es_LA;de3a48eede022433db7a3149d6155d47;{name} loved a product on {application}.;{name} ama un producto en {application}.
es_LA;dfdd22af250e75bb88e0c6427d92ce67;{name1} and {name count others} asked you for {=a content and other requests}.;
es_LA;e01ee18308e19a42ca0d7fb43624db61;{name1} and {name2} suggested {product1} and {product2} on {Me Gusta}.;{name1} y {name2} recomiendan {product1} y {product2} en {Me Gusta}.
es_LA;e0d2cb614164aedf37ab06c840c53fdb;products you thought about;produtos sobre los cuales usted pensó algo
es_LA;e17d4b84b0e080e741f8b24c7ddcd0bb;{name} is wishing {number} products on {application}.;
es_LA;e1e84129555491b4409dcd46488f9031;{=1 product} asked for by {name};
es_LA;e212cdf1557377f7fe116c24ea994583;{name} is having a product on {application}.;
es_LA;e232111bdd3ebd580bf1191027e51b56;{=[count] products} asked for by {name};
es_LA;e23410b8d984f28d87a6cfe42aabedf4;1 other wished this. Be the first of your friends.;Alguien más desea esto. Sé el primero de tus amigos.
es_LA;e247e5fd25a9caff8ca214b8348e67c4;{name1} is wishing {product1} on {Me Gusta}.;
es_LA;e2bb387b805d0f4fff4dc08158ec05e6;{name1} and {name count others} sent you {=a product}.;
es_LA;e2ce8fca4e4e07edd69961805ccd43db;{name1} thought about {product1} and {product count other products} on {Me Gusta}.;{name1} pensó algo sobre {product1} y {product count other products} en {Me Gusta}.
es_LA;e4a9cad7af1b79bcf94ce28240b53e83;{name1} and {name2} are wishing {product count products} on {Me Gusta}.;
es_LA;e4c3628b2db2881c9676572d48e01ec3;{name1} is loving {product1} on {Me Gusta}.;
es_LA;e4d4ed77cb56a6603ba1d429c517d407;{name1} is thinking about {product1} and {product count other products} on {Me Gusta}.;
es_LA;e53e3fac316d6e933821c623d834e011;{number} others wished this.;{number} otros desean esto.
es_LA;e745e70317ca3cd75960a9aa49f1db0b;{name1} and {name count others} wished {product count products} on {Me Gusta}.;{name1} y {name count others} desean {product count products} en {Me Gusta}.
es_LA;e7ae926efe6703a7e42582625a8b4dba;products {name} wished;productos que {name} desea
es_LA;e85e8f4b589922a0359fb6605b72685e;products {name} thought about;produtos sobre los cuales {name} pensó algo
es_LA;e8f427325c351bf2ce071429734240c3;a product she suggested;un producto que ella recomienda
es_LA;e955b2f17ed6309ee0b6aed168e4a91f;1 other thought about this. Be the first of your friends.;1 otro pensó algo sobre esto. Sé el primero de tus amigos.
es_LA;ea247b4ac60924b1e0bafd0503771ee5;a product they suggested;un producto que ellos recomiendan
es_LA;ea30b6f25460e6873e43dc95bef4e25b;{name1} and {name2} suggested {product1} and {product count other products} on {Me Gusta}.;{name1} y {name2} recomiendan {product1} and {product count other products} en {Me Gusta}.
es_LA;eaa01ef787679917a9111f656af19304;{name1} and {name2} wished {product1} and {product count other products} on {Me Gusta}.;{name1} y {name2} desean {product1} y {product count other products} en {Me Gusta}.
es_LA;ed05b79b865567ed321da2679250674c;{name} suggested a product.;{name} recomienda un producto en {application}.
es_LA;ed4beb5620e4a6c6cf13ceb1dfd2fcde;You and {number} others loved this.;Usted y {number} otros aman esto.
es_LA;ed86de77375556f4e9d09a855428db54;{name1} and {name2} are wishing {product1} and {product count other products} on {Me Gusta}.;
es_LA;ee99383b5e579ef64898de3d76c26d87;{=1 content} sent by {name};
es_LA;f06eb8d18239c9d7b4656859f863b7e4;{name1} is thinking about {product1} on {Me Gusta}.;
es_LA;f0b27dc123ca5b5d7b351897b1410ba5;{name} is suggesting {number} products.;
es_LA;f2d2059b99ce5aef8922d3f9f3d632bd;{name1} and {name count others} thought about a product on {Me Gusta}.;{name1} y {name count others} pensaron algo sobre un producto en {Me Gusta}.
es_LA;f621311571e698009eeac168884a520c;{name1} had {product1} and {product count other products} on {Me Gusta}.;{name1} tiene {product1} y  {product count other products} en {Me Gusta}.
es_LA;f63e4a9d493762ea2bfc7d7d3c2fdac3;{name1} and {name2} suggested {product count products} on {Me Gusta}.;{name1} y {name2} recomiendan {product count products} en {Me Gusta}.
es_LA;f6ba16efe987dd2d46be74584122b9cf;{name} is having a product.;
es_LA;f7882960701af73d4a84253c2f10d7b6;{name1} and {name count others} sent you {=[count] contents}.;
es_LA;f7d4b1574f60cd326c607eae430fe78a;{name1} and {name count others} had a product on {Me Gusta}.;{name1} y {name count others} tienen un producto en {Me Gusta}.
es_LA;f7ecb4ae86fd5c973eca8633694be9fe;{name} loved {number} products.;{name} ama {number} productos en {application}.
es_LA;f81d168d7ebc3c6253d0734560488ec6;Is wishing {product1}.;
es_LA;f904720c9b9ee2ccd74a7bac65ce9a4a;{name1} and {name count others} sent you {=a content}.;
es_LA;fa5387ee3bdb9813b7a5d134e7dbb48c;products she wished;productos que ella desea
es_LA;fb7134c5dc106f795a587957357acd1f;{name} sent you {=a product and other requests}.;
es_LA;fba25449815306dee2f3661eeca538b2;{name} thought about {number} products.;{name} pensó algo sobre {number} productos en {application}.
es_LA;fcceddb3c4a5f8fddc2fab9fbc8c1390;{number} others had this.;{number} otros tienen esto.
es_LA;fcd388855d677f9ba30e57555a2b4a5e;products she loved;productos que ella ama
es_LA;fce3e9de5e3684e55d36a92c56d99ace;{name} sent you {=[count] contents}.;
es_LA;fd426176952f22d9b0ae7e8a3b77f740;{name1} and {name count others} thought about {product1} and {product2} on {Me Gusta}.;{name1} y {name count others} pensaron algo sobre {product1} y {product2} en {Me Gusta}.
es_LA;fd74cc4845cbd64815d07daa992fe391;{name} is suggesting {number} products on {application}.;
es_LA;fda90a1fad58555a05a0e9f59adb0bee;{name1} and {name count others} suggested a product on {Me Gusta}.;{name1} y {name count others} recomiendan un producto en {Me Gusta}.
es_LA;fe8e6816b2c74a674b4161803012679d;{name1} is having {product1} on {Me Gusta}.;
es_LA;fee5eaadfea16f5ac21426519e56aa27;{name} asked you for {=[count] products}.;
