004fcaa7213d182c40765ec8e6c82f52;{name1} and {name count others} are suggesting {product count products} on {Me Gusta}.;
fbd582f6b3c5d8f106daea1847f0c0cc;{name count} others;{name count} otros
0155c92d44896e8c0eb8832116ff3b07;{name1} wished this.;
016119585304f9f91300cf94d18a332b;{name1} and {name2} loved {product1} and {product count other products} on {Me Gusta}.;{name1} y {name2} aman {product1} y {product count other products} en {Me Gusta}.
01a3d1db8e40a3cfe130a4ae7ffa29d3;{name1} and {name2} wanted this.;
0260d670c61f4c31bf2e544509000472;{name1} and {name count} others loved this.;{name1} y {name count} otros aman esto.
02809763922dcedb41e1be241a8e0790;{name} had a product on {application}.;{name} tiene un producto en {application}.
02dcedc61552d7680c8e0b39214f79d7;{name} thought {number} products on {application}.;
036bc226027a7ab8f48d6e66fe2b929c;{name1} and {name count others} are wanting {product count products}.;
04473b40febcec06ef72b2cb210591e7;{name1} and {name count others} are wishing for {product1} and {product2} on {Me Gusta}.;
04812aa3397eb6f7a96a2eff7f08b3c0;1 other wished this.;
05ad2a3db9eaec7a5f9875f7d1dc3de3;You and {name count} others thought this.;
05b48b484a2e128fffe2cf77b7b35ebd;a product he wished for;un producto que él desea
05b78d7a1fd6a02184d2f3771f9e98df;{name1} and {name2} asked you for {=[count] contents and other requests}.;
05ddcb9691b2b7bd403fe0c60ba155fb;{name1} and {name2} loved this.;{name1} y {name2} aman esto.
0692eef059daabb5556f2cfd4aa2678d;{name} asked you for {=[count] products and other requests}.;
f9fc392bb00057f8eb86a8dda614ea0f;{product count} other products;{product count} otros productos
f9f5b00bfb08c09564db56eebfe2b011;{product count} products;{product count} productos
080a8c277882b35416b92d752f386e85;You and {name1} thought about this.;Usted y {name1} pensaron algo sobre esto.
091e268b646b60efd83b77e7d08ba32b;{name1} and {name2} sent you {=a content and other requests}.;
094ef7fd90d36c3cf221ffac444ceffc;{name} asked you for {=a product}.;
09c829f4aab3ffc07fb0b824ec05b876;{name1} and {name2} are wishing for {product count products} on {Me Gusta}.;
d3d6e8564ca5d617e86765d19e869573;a content and other requests;
0b219e7ec695f63a407863416a3060fc;{name} wished for {number} products on {application}.;{name} desea {number} productos en {application}.
0b3b35667352c9567bcc7b47077e0456;{name} wants {number} products.;
0bd835ab429bea6b23f0742f1d74d6e7;{name} sent you {=a content and other requests}.;
0c954fe6a69e0342fa8166f1971b0ce8;a product she wants;
0cb9bfb1faa1cfed963c377a7a7b9093;{name1} and {name2} loved {product count products} on {Me Gusta}.;{name1} y {name2} aman {product count products} en {Me Gusta}.
0cdd5bc5d1265206fbe2f61deebebb7a;{name1} is wanting {product1}.;
675ac1493f6bc3901164134c8996b3bc;1 content;1 contenido
0e18984de30855f8269c9c4d329fc40c;{name} is thinking a product on {application}.;
0eb7954d817f8c1550f80e1c7ebba864;{name1} and {name2} thought about {product1} and {product2} on {Me Gusta}.;{name1} y {name2} pensaron algo sobre {product1} y {product2} en {Me Gusta}.
0f9a24808340d55640c2de2b5e3a3295;{name} had {number} products.;{name} tiene {number} productos.
103ce5320c19756010c8be70a4bddaaf;products he wished;
11107c4a4110014c0e625dccfac42593;{number} others wished for this. Be the first of your friends.;{number} otros desean esto. Sé el primero de tus amigos.
119b7eeeee975394bcdc4b7b482be4f3;products she wished for;productos que ella desea
11c2daa0b3b7a671e06f9a66b606f99a;Is thinking {product1}.;
12214acb1b8821f54e87adaa3a2a13ef;a product you loved;un producto que usted ama
12473e0f5fb2bed0765c1bd8301e3a87;{name1} and {name2} are suggesting {product1} on {Me Gusta}.;
12e1e706b42dcc1b8606a28f4952e4e9;{name1} and {name2} thought this.;
131f6840a6e9a9bc6190c5a1116eda69;{name1} and {name count others} are loving {product1} and {product2} on {Me Gusta}.;
13584b0f044d6fb5ba5d9458599639b4;{name1} and {name count others} loved {product count products} on {Me Gusta}.;{name1} y {name count others} aman {product count products} en {Me Gusta}.
1472446c367cf4b23c2dbcdb19f76bf8;{name1} and {name count others} thought about {product1} on {Me Gusta}.;{name1} y {name count others} pensaron algo sobre {product1} en {Me Gusta}.
f70b9c2eba901784372428d9eeec28b4;a product;un producto
1510e39af468375d837a2d8a0226ce79;a product they wants;
16c70ba7af6652d3446fc48eb7c87044;{name1} loved {product1} and {product2} on {Me Gusta}.;{name1} ama {product1} y{product2} en {Me Gusta}.
1764455f401852989a25108fe0ee9d96;{name1} is suggesting a product on {Me Gusta}.;
183d04f55bd9a43740bc5c5f44875c65;{name} had a product.;{name} tiene un producto en {application}.
1867222a15801cd470ffab5b5fea8fbe;{name} is having {number} products on {application}.;
f2ace12286df5e5bc28eac65cbfed52f;{count} contents and other requests;
18a1df18a9dadf05e126332066f117e5;{name1} wants this.;
18ba6228cd1c64efba63e56cc0d79ae7;{name1} and {name count others} sent you {=a product and other requests}.;
1957f8dc3a2206e0edc34af5e6aef500;1 other wished for this.;Alguien más desea esto.
19b87eb1d4ad01a15b717bac90c4f212;{name1} and {name count others} had {product1} and {product count other products} on {Me Gusta}.;{name1} y {name count others} tienen {product1} y {product count other products} en {Me Gusta}.
19c6a7641f8b280419c268af282a8625;{name} sent you {=a product}:;
19f64d5fbeb9992bbc63f1d88de494b2;{name1} and {name count others} wished {product1} and {product2} on {Me Gusta}.;
1a0495e942cf455ae2d4b101386020ad;{name1} thought this.;
1a835191dedda1d89ecf281f5b0e16e0;a product {name} thought about;un producto sobre el que {name} pensó algo
1c285c35f0a0d3c646520297e02932a4;{name1} wants a product.;
fe1f14a9258530f567caf28c7cd91003;{count} products;{count} productos
1cf262c89ba7a2d8583fb8b864edb39c;products they thought about;produtos sobre los cuales ellos pensaron algo
1dd785a534bc405e30279695f2ce73b6;{name1} loved {product1} and {product count other products} on {Me Gusta}.;{name1} ama {product1} y {product count other products} en {Me Gusta}.
1e7cb3960020e785ff6f9e4af860a361;{name1} and {name count others} sent you {=a content and other requests}.;
1eb3aa8a4c284ab1ca76184659beb12a;{name1} and {name2} suggested a product on {Me Gusta}.;{name1} y {name2} recomiendan un producto en {Me Gusta}.
1f771203cc7a6f62e2cf9c9df4e2dd06;{name1} and {name2} sent you {=a product}.;
1faca04c56f00fb601f4e07ce6a1d73c;{name} thought a product on {application}.;
1fe6328f3528def3ff543323ff8027af;Is wishing for {product1}.;
203c600a9e04fab216ca82d47ee6742a;{name1} and {name count others} had {product1} on {Me Gusta}.;{name1} y {name count others} tienen {product1} en {Me Gusta}.
208a3fb081ce6adf19dbefb1e31b524e;a product you had;un producto que usted tiene
2098e0cf23e47be3e9ac3014266232c0;{name1} and {name2} wished {product count products} on {Me Gusta}.;
20c22385c7c56264d9bf0489e4fa181a;You and 1 other thought about this.;Usted y alguien pensaron algo sobre esto.
211ef109d894482d0ad8dbf7b564f211;{name1} and {name count others} asked you for {=a product}.;
21b822962cd4a48107fa8df5fccfbb93;products you wanted;
21e5a0498886d5d8931ba872a23e8a47;a product he thought about;un producto sobre el que él ha pensado algo
229fc75b1ae97e4c9cedf4af86ff3d0f;{name1} had this.;{name1} tienen esto.
22e2958441d77190c010d1a1f5655d66;a product you wished;
ff2d9fbcea8345a52d43a42ed4ee290c;{count} products and other requests;
254bdc78435cb2c2cba729f219188e2d;Be the first of your friends who is wishing for this.;
25b7d54e28e9bfc136a87c29da39683c;{name1} and {name count others} are having {product1} and {product count other products} on {Me Gusta}.;
2621fb7cb1a3fdc1ce9c999c2c6ac4f8;a product she wished;
26767d37a0bc6815306c508e4efe1434;You and 1 other suggested this.;Usted y alguien más recomienda esto.
27e1a605e649c9778f3f7c23ed26bba7;{name1} thought {product1} and {product count other products} on {Me Gusta}.;
282918e19b6ae61b410b129e00979314;Suggested {product1}.;Recomiendo {product1}.
28aa8ecd28fbb0386e4ecd2833c0c0f3;{name1} and {name count others} loved {product1} and {product2} on {Me Gusta}.;{name1} y {name count others} aman {product1} y {product2} en {Me Gusta}.
2952b920043a6a72bb9651cfdc81be1c;a product he wished;
2a12419070c444cd12b0537258ddd7a1;{name1} had a product on {Me Gusta}.;{name1} tiene un producto en {Me Gusta}.
2a740fd2fb68fa5c0e0d7bdd54b03569;your product;su producto
2a8657502331a25afa730a2890ca938c;products you thought;
ece909968ed32291f73dd2f08e40c491;a content;un contenido
2bad15f03ab2a3b538da8eaf6d32b651;{name1} and {name count others} thought about {product1} and {product count other products} on {Me Gusta}.;{name1} y {name count others} pensaron algo sobre {product1} y {product count other products} en {Me Gusta}.
2baf0df3f152ffe302c39b238bfc35c1;{name1} and {name2} wanted {product1} and {product2}.;
2c2c0d298e4d91f2114bb2d9546a8b21;a product he loved;un producto que él ama
2ca0ae8c773d88a7861a08ef1cc99aae;{name1} wants {product1} for birthday on {birthday}.;
2ce3b2ae8b878cf5ac8597719f85cf74;{name} asked you for {=a content}:;
2e87b63e1562e4744498038f0c14f636;{name} asked you for {=[count] contents and other requests}.;
2eea9f8a5cde39e9ab07d57e515c894c;{name1} is having {product1} and {product2} on {Me Gusta}.;
2f482604ad6d939cf202d3579db193d7;{name1} and {name count others} sent you {=[count] products}.;
2f93df358bf5a3b2e23bd2f215d12950;{name1} and {name2} thought about {product1} and {product count other products} on {Me Gusta}.;{name1} y {name2} pensaron algo sobre {product1} y {product count other products} en {Me Gusta}.
2fbf7a3398ebd9734f9fc42261fbf075;You and {name count} others suggested this.;Usted y {name count} otros recomiendan esto.
303b3962ef60a2d7b42863d1f7e06a3d;Add your contents to your timeline.;Agregue sus contenidos a su línea de tiempo.
30df91e8bcb544cbc0f3ba23e165d12b;{name1} is wishing for a product on {Me Gusta}.;
32191a12c0ebe8744402612c19920420;{name1} and {name count others} are suggesting a product on {Me Gusta}.;
32a589d1500bc0554ec5d86f15bc5af9;{name1} and {name2} thought about a product on {Me Gusta}.;{name1} y {name2} pensaron algo sobre un producto en {Me Gusta}.
32f749d3e164876e470f6b2c694eba0e;{name} sent you {=a content}:;
32fc25994330c3abc6207f2b1a835497;You and {name1} thought this.;
3347925f450647ddaf4c8e9639882641;You and {number} others had this.;Usted y {number} otros tienen esto.
33a830b2df46e93c87eeb03b41d82779;{name1} and {name2} thought about {product count products} on {Me Gusta}.;{name1} y {name2} pensaron algo sobre {product count products} en {Me Gusta}.
344d3c6564dffd7f31a88b0670d179e5;{name1} and {name2} had {product1} and {product2} on {Me Gusta}.;{name1} y {name2} tienen {product1} y {product2} en {Me Gusta}.
34b8804ac3f3d799472ff6c0f30d4ab0;Had {product1}.;Tiene {product1}.
354d31039328dd1ba0572da9c32a7ef5;{name1} and {name2} thought {product1} on {Me Gusta}.;
361a97c71d8ea7d327622deb68a726fe;{name1} is wishing for {product count products} on {Me Gusta}.;
36b0df78d2bf72d48004d96ecc1f4bce;{name1} is wanting {product1} and {product count other products}.;
36c5b872fc18cea96fb3e94f26dcf8e0;{name1} and {name2} had this.;{name1} y {name2} tienen esto.
36e8388e595843cf21bd8ab8f63ed975;a product she thought;
36ebaf3230f26fd8fe623da0584bdec3;{name1} and {name2} sent you {=a product and other requests}.;
3706503b544341b998f52f62242068d4;{name1} and {name count others} loved a product on {Me Gusta}.;{name1} y {name count others} aman un producto en {Me Gusta}.
3769c67bf29c01a66d2f6e97b2c91fc4;You and {name count} others wished for this.;Usted y {name count} otros desean esto.
3773490faad53107cc91708e12df97be;{name1} suggested {product1}.;{name1} recomienda {product1}.
37e6f23e806ea8a2ea32df4614c527c6;{name1} and {name2} wished for {product count products} on {Me Gusta}.;{name1} y {name2} desean {product count products} en {Me Gusta}.
388b41eb6895442d9225f058cefef239;You and {number} others wished this.;
391abbbfd538cb36998bdcf2dcc24bbb;Be the first of your friends who is suggesting this.;
393aa527a057910b849caa3cba39d17c;{name1} and {name2} are thinking {product1} and {product count other products} on {Me Gusta}.;
39bb85675aa721b2655a46b68c0fe706;{name1} thought {product count products} on {Me Gusta}.;
3a4962bb28a1d9d5c20a691ceb72fc67;{name} is wishing for a product on {application}.;
3ba9f3becf10d0f997820b77e4bcc41c;{name1} and {name count others} thought a product on {Me Gusta}.;
3c307d5946084d0452ddc4becd490efb;{name1} and {name count others} asked you for {=a content}.;
3c934c0311f3aed36c9117799c57f570;{name1} had {product1} on {Me Gusta}.;{name1} tiene {product1} en {Me Gusta}.
3ccf139973e266624a84203d80074287;{name1} loved {product1} on {Me Gusta}.;{name1} ama {product1} en {Me Gusta}.
3d725b0ea0e2990c1f84b7a6ddfabcc8;{name1} and {name count others} are having a product on {Me Gusta}.;
3db339157b95366e74f1dfeb5afc06e2;{name1} wished a product on {Me Gusta}.;
3e2f26b22ff29decc0b0f7669f52c2aa;products he thought;
40865c7d65122ab11f121cfb86c0b9f5;{name1} thought {product1} and {product2} on {Me Gusta}.;
409e95ce37f81cffd61cf3cb81a1ad0f;You and 1 other loved this.;Usted y alguien más ama esto.
4208d9457db0c60438b2852e743cc5d4;You and {number} others wanted this.;
429277bfade16cd8d28b45e5cb408653;products she had;productos que ella tiene
42fd00e7e6f7f38a48b9e2561e0059e5;{number} others thought this.;
430207a28a2369a56aade1142e7880a1;{name1} and {name count} others thought this.;
4313fdb27e8690336bfa6f62f22674a0;You wished for this.;Usted desea esto.
4332aa44a492be2e9990bb4bebc36299;{name1} and {name count others} are having {product1} on {Me Gusta}.;
43ab2b290664e6ca24fab026dd2a5ea2;{name1} and {name count others} suggested {product count products} on {Me Gusta}.;{name1} y {name count others} recomiendan {product count products} en {Me Gusta}.
44ff81155144f898045f55aafd28cedd;{name1} and {name2} wished for {product1} on {Me Gusta}.;{name1} y {name2} desean {product1} en {Me Gusta}.
452b24bb314985a22effa288ae1f79dd;{name1} and {name2} are wishing for {product1} and {product2} on {Me Gusta}.;
4568d482050b9f7b4f6c2f883905996b;Is suggesting {product1}.;
45f5a9d4cbe9d8c80b15058a73350975;Be the first of your friends who is having this.;
46007e274c9b36a47367816ee69dc722;a product he had;un producto que él tiene
461b6a174f6d94f108f10cc569402b18;Had {product1} on {Me Gusta}.;Tiene {product1} en {Me Gusta}.
46d2beec6687fafb5e611823ae140fea;products you wished;
46e0200ad3bb79a5a7da7bc88f47cb07;{name1} suggested a product on {Me Gusta}.;{name1} recomienda un producto en {Me Gusta}.
8acba4630f44d0565fffa79d155b1815;1 product;1 producto
471eb0f85afb27076073d3b942a1d463;{name1} and {name count others} are wishing for {product1} on {Me Gusta}.;
4750edb7b60665dc460c4173d81c224d;{name1} and {name2} are loving a product on {Me Gusta}.;
47b3f2d5df84ffa5c728329978622445;a product they thought about;un producto sobre el que ellos han pensado algo
47cb54a9a821baac23b38e90984899e9;a product {name} suggested;un producto que {name} recomienda
492b45608be17226171555d2076082a3;{name1} suggested {product1} and {product2} on {Me Gusta}.;{name1} recomienda {product1} y {product2} en {Me Gusta}.
49827472cf16933930437d1d9ad9724f;{name1} and {name2} are suggesting a product on {Me Gusta}.;
49ca4a89acb957562b483e1d477e99f0;{name1} and {name count others} asked you for {=a product and other requests}.;
49d4251a8f623fbdaad6900408009c38;1 other suggested this. Be the first of your friends.;Alguien más recomienda esto. Sé el primero de tus amigos.
4af023b3927af0cad0cde69d9b98dc1b;You and {name1} suggested this.;Usted y {name1} recomiendan esto.
4b355ef91205d806fb75b1f8114ab86e;products he had;productos que él tiene
4b3960a58e22298aa62415d133ed4b01;{name} loved {number} products on {application}.;{name} ama {number} productos en {application}.
4b3e18abc6b87a77763159355bcf7e5b;{number} others loved this.;{number} otros aman esto.
4b847e8e1670193f2ec2738875838cf4;{name1} wished for this.;{name1} desea esto.
4ba850a8812bc2d06af3bbf40ae0f37c;{number} others thought this. Be the first of your friends.;
4bb06206285034b7166492bc73da3505;a product she loved;un producto que ella ama
4c0f966338a88a1d1ef6c9524fcb8caf;{name1} thought about a product on {Me Gusta}.;{name1} pensó algo sobre un producto en {Me Gusta}.
4d119c15f7559d17afb0e730d56103eb;{name} is loving {number} products.;
4d6a87ad507d28772ddb35597cbb32c2;{number} others loved this. Be the first of your friends.;{number} otros aman esto. Se el primero de tus amigos.
4daa0aecec02dc15cc5c8e19161bda5e;{name1} and {name2} asked you for {=[count] products}.;
4e081aaf2b8b70adb3a69e1cd24de9ee;{name1} and {name2} wished for a product on {Me Gusta}.;{name1} y {name2} desean un producto en {Me Gusta}.
4e3c5354df419c4f80372c034f96847c;{name1} and {name count others} are wishing for a product on {Me Gusta}.;
4e519bf6b8aa1fb224cb1d5c3363d201;{name1} and {name count others} are wanting {product1} and {product count other products}.;
4f289d801ddbb9411b95d9560ef5a119;{name1} and {name count others} wished for {product1} and {product count other products} on {Me Gusta}.;{name1} y {name count others} desean {product1} y {product count other products} en {Me Gusta}.
4f658c815ab535c60b7e2cedbd02badf;{name1} and {name count others} are thinking {product1} and {product2} on {Me Gusta}.;
500c6ebeb0558c742dd200737d776a1b;{name} sent you {=a content}.;
502d3268d73080e7aa5c9018e47ce3ec;{name} wished for a product on {application}.;{name} desea un producto en {application}.
5053a9dae99011cf30fa25437a205056;Be the first of your friends who is thinking this.;
509b42969c8825d39f2ab729b1e9f278;a product they wished for;un producto que ellos desean
50b678e9c77bc444fda7a02c8f5fa448;{name1} and {name count others} wished {product1} on {Me Gusta}.;
51ebc017737c3e6aa3b451817bd6f7b7;{name1} and {name2} sent you {=[count] products and other requests}.;
520ec7c48c5b1411d8cdbe4950acbc56;{name1} thought about {product1}.;{name1} pensó algo sobre {product1}.
e97d2f5737bf51632b3b7f9e8650aa97;a product and other requests;
52c2f7ac503d96cc7db72a8b385258c8;products he thought about;productos sobre los cuales él ha pensado algo
52d638eee5598d02cf32449e7f016546;{name1} and {name2} asked you for {=[count] products and other requests}.;
52e1de93db963853b748419cdccfa820;a product she thought about;un producto sobre el que ella ha pensado algo
52ef1934a28398b3e6724d564590cb8a;{name1} and {name count others} wanted a product.;
53b98aefbdd1926d07bc6b98b2e16eef;a product he thought;
5544ec72639c4c787d6aa69ae68c86af;products they had;productos que ellos tienen
55581e1b37392cedf0b7b4d80f1bd5d0;You and {name1} loved this.;Usted y {name1} aman esto.
556bbd1ba07321d238840fa538c44cd3;products she suggested;productos que ella recomienda
560fa8b970082f4b293119c3dd7c7c1f;{name1} and {name count others} loved {product1} on {Me Gusta}.;{name1} y {name count others} aman {product1} en {Me Gusta}.
5622d84260d47ed46c5aae425d460670;{name1} suggested {product1} on {Me Gusta}.;{name1} recomienda {product1} en {Me Gusta}.
56329ee98a73563fe23a0fd1907fe441;{name1} is suggesting {product1} and {product2} on {Me Gusta}.;
56cd97eb77e5e36315141b5fa33889e2;{name1} and {name2} suggested this.;{name1} y {name2} recomiendan esto.
579ca8d7d11ffc29b6c6dd2d898d1715;{name} is suggesting a product on {application}.;
579f1681b6c440bb22119f45315006cb;You and {number} others suggested this.;Usted y {number} otros recomiendan esto.
580940075fca5d59ab7e5655d22110fe;{name1} is having a product on {Me Gusta}.;
594d22a80836e84f8af8b3caf62e9169;{name} wished {number} products on {application}.;
597bbc3bed1782e2cebca3e4e6cd07eb;{name1} and {name2} thought {product count products} on {Me Gusta}.;
597dc525bd0a3d1f1760914b105a04b8;{name1} and {name2} sent you {=[count] products}.;
59909bde5c5dec0eee316a15bf586996;{name} loved a product.;{name} ama un producto.
5a1142db7ef5806ab9266b93a2daa113;{name1} thought {product1}.;
5aa51b1493b4621f88f5975260de6d5f;Wished {product1}.;
5ac9a6eb14a791af21018b9515484b27;products she thought;
5b8c571dd008b609eee0f9b528aa8ecb;Thought about {product1}.;Pensó algo sobre {product1}.
5bdb566ea4b81014ba6299fd034c7686;{name} is suggesting a product.;
5cb9a8f275d680d4490d9096547a4dc3;{name1} wants a product for birthday on {birthday}.;
5ce78593d38388f56088e052612f2954;{name} sent you {=[count] contents and other requests}.;
5d269c6f963944873ba3275e476844f6;{name1} and {name count} others wished for this.;{name1} y {name count} otros desean esto.
5d27c298bbf05747a079e4a4fdc06f7a;a product he suggested;un producto que él recomienda
5de60c8ab467fa54bd73fc991d3e1a60;{name} is wanting {number} products.;
5dee9ca20841588f430645af17ea2068;{name} asked you for {=a content}.;
5e7356fbd32e8c12f8358384a9bfd882;{=1 content} asked for by {name};
5f50d8b6d47793fe05f66d9d298a4643;{name} wished a product.;
60aafa20ab9381a286fe82a9829e9393;{name1} and {name count} others suggested this.;{name1} y {name count} otros recomiendan esto.
615f173c6fce073369f225e443649f67;1 other loved this. Be the first of your friends.;Alguien más ama esto. Sé el primero de tus amigos.
6203f19b8ee6c91e5cb856bb1b359f3b;{name1} and {name count others} are loving a product on {Me Gusta}.;
627b2c13b7434bafb4a9762b6061589e;{name1} had {product1} and {product2} on {Me Gusta}.;{name1} tiene {product1} y {product2} en {Me Gusta}.
628cbbef7957acd866f9c5a96cf6c224;{name1} and {name count others} are having {product count products} on {Me Gusta}.;
62cefb750186c88fddb5720c1fc7a955;{name1} wished for {product1} on {Me Gusta}.;{name1} desea {product1} en {Me Gusta}.
630300c4fe73322a4970d2d77b10deb1;Is having {product1}.;
630a5e21bc20629e420fcf867b43a282;{name} suggested {number} products on {application}.;{name} recomienda {number} productos en {application}.
64d89ec7b692efbf0cf25b8d36e118a5;{number} others had this. Be the first of your friends.;{number} otros tienen esto. Sé el primero de tus amigos.
650a4306346414e62963d22de5a88df2;{name1} wished {product1} and {product count other products} on {Me Gusta}.;
656223afd17af0b2942678f12931aa85;{number} others wanted this.;
656f669041942ae26167f2b4fe85aa66;You and {name count} others wished this.;
6585863991f4459ca7348839df59dac4;You and {number} others thought about this.;Usted y {number} otros pensaron algo sobre esto.
66520aaedcdd9467e09def92f245e1ce;{name} sent you {=[count] products}.;
667cde08497485b819c5c73e66fddff4;{name1} and {name count others} sent you {=[count] contents and other requests}.;
66a5c162461ba0dca41178d6e95a1cde;a product {name} thought;
6710fb3ab2646a28b2fdf8f5e11fa6fb;{name1} and {name2} are wishing for {product1} on {Me Gusta}.;
678196e325635cb33b7b98aa225b87af;products {name} had;productos que {name} tiene
6794a78abb3da35d3fcedc901628067c;{name1} and {name2} are thinking a product on {Me Gusta}.;
6850bbff6a7aed08314fc6ac34c33eef;Is having {product1} on {Me Gusta}.;
69e3b3600443d9961f094dd3ea8cf742;{name1} and {name count others} loved {product1} and {product count other products} on {Me Gusta}.;{name1} y {name count others} aman {product1} y {product count other products} en {Me Gusta}.
6b5f9b22bd7fc74dbddfa6ba6387fbc7;{number} others thought about this. Be the first of your friends.;{number} otros pensaron algo sobre esto. Sé el primero de tus amigos.
6bfe1b2499be4716a0a0f09ddb524fc9;products they thought;
6c2ff54b88493b8233b2dc4a9e20b763;{name} asked you for {=[count] contents}.;
6c5f269ceb1833299869dd3fffb6fd88;{name1} and {name2} asked you for {=a product and other requests}.;
6c88de53d61e9d5d6f74ca3ec6fc744d;{name1} and {name count others} had {product1} and {product2} on {Me Gusta}.;{name1} y {name count others} tienen {product1} y {product2} en {Me Gusta}.
6d49f0ec506508b5697096fadc1c3f65;Wished for {product1} on {Me Gusta}.;
6d8470f71b74f53567079cbfe47ebe3e;{name1} and {name2} are loving {product1} and {product2} on {Me Gusta}.;
6da031546431cb4fe2adb3a60f81fc54;{name} sent you {=[count] products and other requests}.;
6db27e345b397fbdd2b5fd6167cc98bb;Is suggesting {product1} on {Me Gusta}.;
6e0907507baa640dd6bd1141959481a2;{name1} and {name count} others wished this.;
6ed335e21644af2ae6e02b7de520deab;Wants {product1}.;
6eda829973b298b9fc32f06858464634;{name} thought about a product.;{name} pensó algo sobre un producto.
6ee4dc90d6419d68afcca76f0c2bc154;a product {name} had;un producto que {name} tiene
6f2f4dccb620627cbda848163bcc085b;{name} is wishing for {number} products on {application}.;
6f37c269d015c3ff40cd599dea1c3c8d;a product {name} wished;
6f45dc418959b74d8b1fe5a7c12da366;{name1} suggested {product count products} on {Me Gusta}.;{name1} recomienda {product count products} en {Me Gusta}.
6f46a95ac9f1796dfb66de1888b1ebec;Is loving {product1} on {Me Gusta}.;
6fd06401fc35c34bd483fac4fcb40d52;{name1} is thinking {product count products} on {Me Gusta}.;
704d39d560fa16611e33b09b71a49bbc;{name1} and {name count others} are loving {product count products} on {Me Gusta}.;
7145de528d33f0c17884b7e65a7a94d1;{name1} and {name2} wished a product on {Me Gusta}.;
71517b8f5fe67f966ab137691755ef1f;You and {name count} others had this.;Usted y {name count} otros tienen esto.
71a74ba7c4c0b8a4eb0e4f0347cd1703;{name1} and {name count others} asked you for {=[count] products}.;
724951938343dc865ab3936c5965728e;{name1} and {name count others} thought {product1} and {product count other products} on {Me Gusta}.;
727edd523bf0d3fa894605092cb06242;Thought {product1}.;
73d82641d2f33f0a170a0e935e1e4759;{=[count] products} sent by {name};
744562c1e214cbda22d6d18e022d6827;{name1} and {name count others} suggested {product1} and {product2} on {Me Gusta}.;{name1} y {name count others} recomiendan {product1} y {product2} en {Me Gusta}.
74d9cb0101b3b82deb0ebc818e32df16;{name1} and {name2} wanted a product.;
758dccbaa423c7d080e18356f248be2b;{name1} and {name count others} asked you for {=[count] products and other requests}.;
7707605883906087cdc04dc3aba69bae;{name1} and {name2} had {product1} on {Me Gusta}.;{name1} y {name2} tienen {product1} en {Me Gusta}.
778f7c298a7fd3d02404769a491fc15f;{name1} and {name2} wished for this.;{name1} y {name2} desean esto.
785ec38926bc95cf39691dd882387b5c;Loved {product1}.;Ama {product1}.
78a41efc3b87a47a6e79ca7703b615a0;{name1} and {name2} loved {product1} and {product2} on {Me Gusta}.;{name1} y {name2} aman {product1} y {product2} en {Me Gusta}.
78a5100b45f9a5d68238978c65b3d190;{name1} is loving {product1} and {product2} on {Me Gusta}.;
78fb588cd457382fd4c0bff0df4fedf2;{name1} and {name count others} suggested {product1} and {product count other products} on {Me Gusta}.;{name1} y {name count others} recomiendan {product1} y {product count other products} en {Me Gusta}.
79a4757aad0f6ce035d3fc45e31a8907;You and 1 other wants this.;
7affff2a7d87ce5199c93330714a3c1a;a product {name} wants;
7b42f1e7ebec36066f27e1f7c83643f9;{name1} and {name count others} are thinking {product1} on {Me Gusta}.;
7b51bedf559bcd323cbd55d1e0dd0793;You and {number} others wished for this.;Usted y {number} otros desean esto.
7b7e015f904883929951daa183ebc5fb;{name1} and {name count} others had this.;{name1} y {name count} otros tienen esto.
7bd8d3e0fbcb6a6111ecf3ad58eb89b6;{name1} and {name2} asked you for {=[count] contents}.;
7c66a639ee4ffbed53815978e850fdc2;{name1} is wanting {product count products}.;
7c9c0091df23d979903afb3c9bdcdfea;You and {name count} others thought about this.;Usted y {name count} otros pensaron algo sobre esto.
7ce394f0f2d6c57fbd8f16e3431edd11;{name} is having {number} products.;
7d604dd07350912c485a4a3d0528d0f6;{name} is wishing for a product.;
7dbe6d72be36c7544dcdabcfa2214552;{name1} had {product count products} on {Me Gusta}.;{name1} tiene {product count products} en {Me Gusta}.
805db7f7d7b5565158abb552396a54be;{name1} thought about {product1} and {product2} on {Me Gusta}.;{name1} pensó algo sobre {product1} y {product2} en {Me Gusta}.
8096d0c8339804034bfdf9f91d0d1f91;You had this.;Usted tiene esto.
80d0648a7930689064ff3e341a575885;Is thinking {product1} on {Me Gusta}.;
8163ced723d2e5f270df2b0070346370;1 other thought about this.;1 otro pensó algo sobre esto.
81b02c324c1a2440f2329c806176b374;{name1} and {name2} wished this.;
820db0485933c556310c5a81244e1dd3;{name} is loving {number} products on {application}.;
827ae3a71fe00800f7895c37e02cdfdf;{name1} is suggesting {product count products} on {Me Gusta}.;
83ae0290f0e32262383c211478e56a51;1 other wished for this. Be the first of your friends.;Alguien más desea esto. Sé el primero de tus amigos.
8416db0fb463867719b8888d523197c6;{name} wants a product for birthday on {birthday}.;
842ca3bd535c650936dfd43a7a112a74;{name1} and {name2} thought a product on {Me Gusta}.;
8485748bff94c87ab5d4be71f38e2fac;{name1} is loving {product1} and {product count other products} on {Me Gusta}.;
86e59bf98875e448f595dada5dd08ad1;{name1} is suggesting {product1} and {product count other products} on {Me Gusta}.;
871a560a23d2c9ee77f3369335fbb8ca;{number} others wished this. Be the first of your friends.;
874e4ad99f11e0e43888fb6fb9a35554;You and {name1} wished this.;
876f1a4f0f69f36729d8854b68ab49e0;{name} wants a product.;
87a07a47c78494baf856ad9856dd8502;{name} asked you for {=a product and other requests}.;
87f00ccf5b31b8e5335ecc7c200795c0;{name1} and {name2} are loving {product1} and {product count other products} on {Me Gusta}.;
89c5de933dc91b671aa0a75d939bc1a6;{name1} and {name count others} thought {product count products} on {Me Gusta}.;
8a674f6b726cc77ee423cb0296fed281;{name1} and {name2} asked you for {=a content and other requests}.;
8b0f452c627acae0dc683ffa759a66a9;{name1} wants {product1}.;
8b43b7f94322c0fd51cdb362bd62dd9d;{name1} and {name count others} wished {product1} and {product count other products} on {Me Gusta}.;
ef0b7fe259aff7e46fd68c7b48c5877e;{count} contents;{count} contenidos
8c4b6b379d6bdff1a4a8ff852dac34ca;{name1} and {name count others} are loving {product1} and {product count other products} on {Me Gusta}.;
8c5c3afcf91ed4e2236784ba8bfa2c4f;{name1} and {name count others} asked you for {=[count] contents and other requests}.;
8c71fd4c541e00447e95b87f4837f9b5;{=[count] contents} asked for by {name};
8d208bbc5fef512513f43bc644e4ef0c;{name1} and {name2} are having {product1} and {product2} on {Me Gusta}.;
8de6570990377ac540fcabfd8a031570;a product you thought about;un producto sobre el que usted ha pensado algo
8e29079a6da956e8ef94db75d559baec;{name1} and {name count others} wished for {product1} on {Me Gusta}.;{name1} y {name count others} desean {product1} en {Me Gusta}.
8e528789527a4b9ed7e1722536f308bc;{name1} and {name2} are suggesting {product1} and {product2} on {Me Gusta}.;
8f1c9c04eab59d1c81025278843f276b;{name} is loving a product on {application}.;
8f2abf68550a957e5cec250197b8029a;{name1} thought a product on {Me Gusta}.;
8f651be4f53951f40b1876b752712389;{name1} is wishing for {product1} and {product count other products} on {Me Gusta}.;
8f84ff75b2cf7e70a0357918feb196aa;your content;su contenido
8f8fe50b1cf586f085674c6df1a614fd;{name1} and {name count others} are suggesting {product1} and {product count other products} on {Me Gusta}.;
9039fb9fe470b3ca331f68647a060bbf;{name1} and {name2} are loving {product count products} on {Me Gusta}.;
905704e6915fcff7fd2b417dba464634;{name1} and {name2} are wanting {product1} and {product2}.;
9235e5d36aac30fc84b1487989bbfb36;{name} thought about {number} products on {application}.;{name} pensó algo sobre {number} productos en {application}.
92574b237209542bbbe43f18f7d00b58;You and 1 other thought this.;
925b9c4cba0aea436b9aa176e187bb7a;You and {number} others thought this.;
928d27c8644802bccb798730757d177d;Wished {product1} on {Me Gusta}.;
92a8c52b0466bf0f3c150ece083d8fd1;{name1} and {name count others} are suggesting {product1} and {product2} on {Me Gusta}.;
934c6f973dd21f89508c5d89499de3aa;You and 1 other had this.;Usted y alguien más tiene esto.
93520da33ae3261c54eac53f486e9d80;{name} is thinking a product.;
9394be1888049bfbc5c3a5b6fac5c4d7;{name1} is thinking {product1} and {product count other products} on {Me Gusta}.;
93d04cf4b05e896f7464922f67dba256;{name} thought {number} products.;
9424aa20cd8bf3468a638ddf11775f7c;{name1} and {name2} wanted {product1}.;
949dd57d5c38e2685d5504728feb6079;1 other suggested this.;Alguien más recomienda esto.
94ec86dcc6978cdf97ce4f845d65dded;You wants this.;
94f8896375878f5518261920947aafcb;{name1} and {name2} are suggesting {product count products} on {Me Gusta}.;
95236f826e7468d5fc5ec80df6040621;{name1} and {name2} thought {product1} and {product count other products} on {Me Gusta}.;
954e36d367c30c360b3dd0644ad01734;{name1} and {name count others} are thinking {product1} and {product count other products} on {Me Gusta}.;
9647b176cd1c31ec251d98eed53e35fb;{name1} and {name2} are thinking {product count products} on {Me Gusta}.;
968ce4a3128fcbe0468bdcd7197bc87d;a product they loved;un producto que ellos aman
98259cd3d0c2b9430f7652e08b8a858e;a product they had;un producto que ellos tienen
993763cb531edf00d729809875ae5e59;You thought about this.;Usted pensó algo sobre esto.
9a3cc16c2bda4267f2f43f787393190c;{number} others suggested this. Be the first of your friends.;{number} otros recomiendan esto. Sé el primero de tus amigos.
9a429d9f132f581ee92e35b0e2d41b36;{name1} and {name2} had {product count products} on {Me Gusta}.;{name1} y {name2} tienen {product count products} en {Me Gusta}.
9aba9ac93b876e2c093bdd26b7ba6549;products {name} suggested;productos que {name} recomienda
9b586406ab332711aab8887bd3f12a53;{name1} wished {product count products} on {Me Gusta}.;
9c4e83e6daccb3515aa7335d03373f1c;{number} others wanted this. Be the first of your friends.;
9ce07e661900c61c46ba7406d71addde;{name1} and {name count others} are wishing for {product1} and {product count other products} on {Me Gusta}.;
9e7a7f9b2a8159a9d5b35bf5b99b4b5c;{number} others thought about this.;{number} otros pensaron algo sobre esto.
9e9c10f5b943a923e9c1b6a263c49977;1 other had this. Be the first of your friends.;Alguien más tiene esto. Sé el primero de tus amigos.
9f23976aa4da9302239b6d5c03a26a66;a product {name} loved;un producto que {name} ama
9f847e2f408a183c82082f3910f5ed76;{=[count] contents} sent by {name};
9fc1ff308fad7b1f3d6bfd0820e5b3d9;{name1} and {name2} are having {product1} and {product count other products} on {Me Gusta}.;
a0a2c1628cb2111d28ee6886bd8ef331;1 other had this.;Alguien más tiene esto.
a234e2cb082a4779270fc1e4ef416a87;You and {name1} wished for this.;Usted y {name1} desean esto.
a2d4388446d557c4a4eeefaaf21cc9ef;{name1} thought about this.;{name1} pensó algo sobre esto.
a3b4dc712ba921b20dbb1f2826952da6;{name1} and {name2} are having a product on {Me Gusta}.;
a476c839513e848c4c03f311200f0d74;{name1} wants {product1} and {product count other products}.;
a4c02f65134b10f164024266417211fd;{name1} loved a product on {Me Gusta}.;{name1} ama un producto en {Me Gusta}.
a4d962892ab6d9175217fa35da27ca08;products they wished;
a5b782a302e556b54e19232ab44565df;{name1} and {name2} thought about this.;{name1} y {name2} pensaron algo sobre esto.
a6dc333dcdc358490f05d2de31834a0f;{name} had {number} products on {application}.;{name} tiene {number} productos en {application}.
a6f1045de80c2ce49b04dbee5f54da1a;{name1} and {name2} sent you {=[count] contents}.;
a77e234a254f67c67cc908b2cfc7d7a8;{name1} wished {product1} on {Me Gusta}.;
a7e9548fff1038016ab8d5655bac0f71;You suggested this.;Usted recomienda esto.
a830be0badb380796115aaa9547d8747;{name1} and {name2} are having {product1} on {Me Gusta}.;
a8501bc71edea8e96db39d3db06243e7;{name1} is loving a product on {Me Gusta}.;
aa71c6257548771f944e9f1f3bb1a338;a product they thought;
aaab777eeca0144e5c0d8a00e8073d68;{name} suggested {number} products.;{name} recomienda {number} productos en {application}.
aad577cf177335cc69d1b803a10c8632;{name} is thinking {number} products on {application}.;
abea197da15d3026f2eea9337662c6f0;{number} others wished for this.;{number} otros desean esto.
acf0b4cbaa54ac4099fb1ba42c09dded;{name1} and {name2} are suggesting {product1} and {product count other products} on {Me Gusta}.;
ad295a13b877a1fe4f4f8c53fe84ebe9;{name1} is wishing for {product1} on {Me Gusta}.;
ad56f17f94e566614748aad3ac52c055;You and {name1} had this.;Usted y {name1} tienen esto.
adba3de1f7911f5b62816b1a86a7a161;{name1} thought about {product1} on {Me Gusta}.;{name1} pensó algo sobre {product1} en {Me Gusta}.
ade63129e1116140db36f4a072247650;{name1} suggested {product1} and {product count other products} on {Me Gusta}.;{name1} recomienda {product1} y {product count other products} en {Me Gusta}.
adfc5c9a5d3ef3a3651ce77aa6b40439;{name1} and {name2} asked you for {=a product}.;
ae6b3f8bed7ef10fd2a7370af02822bd;{name1} and {name count others} sent you {=[count] products and other requests}.;
aec38d52fe96dcb32076332dd46d0477;You and {name count} others loved this.;Usted y {name count} otros aman esto.
afac61d93b9c3d08b9fd4e15a6ba3496;{name} asked you for {=a product}:;
b02056d217a3e0860488a4600ee3d5bf;{name} asked you for {=a content and other requests}.;
b0b0db22129fc16703d6e26fc1aff4f6;products she wants;
b256617791f1803e884e7c51f971ff4e;{name} is loving a product.;
b28b260ed655c44f0551c666dcf7d9d2;{name1} and {name2} wished for {product1} and {product count other products} on {Me Gusta}.;{name1} y {name2} desean {product1} y {product count other products} en {Me Gusta}.
b4042b72806869819bbb04a0a714fceb;{name1} and {name2} suggested {product1} on {Me Gusta}.;{name1} y {name2} recomiendan {product1} en {Me Gusta}.
b40525e77ea73f2f08e0ceaca6d33197;You and 1 other wished for this.;Usted y alguien más desea esto.
b53117683b2cc76696b602fe4ee22e1f;{name1} and {name2} sent you {=[count] contents and other requests}.;
b557e417f823ea1dbf611fd07900926f;You and {name count} others wanted this.;
b6bfd1d9805ad97ae2c4ad020f4d33b3;You thought this.;
b7a34c29e80a7413c9e9eb767f0de1c1;{name1} and {name count others} wanted {product count products}.;
b8d822a748a8fb2a2ea6c0859445a83b;{name1} is suggesting {product1} on {Me Gusta}.;
b947c36dbf4d014b28149c96711b787b;products you loved;productos que usted ama
b9d5967e7d5dbc44ae0648654557f3e6;products she thought about;productos sobre los cuales ella ha pensado algo
b9ef14bba9f6e95a4b32c8c3704e2276;{name} suggested a product on {application}.;{name} recomienda un producto en {application}.
ba9ec80798205fa15165f6104617b962;{name1} thought about {product count products} on {Me Gusta}.;{name1} pensó algo sobre {product count products} en {Me Gusta}.
badb80a06301b47a14b91f95f2fc1642;{name1} suggested this.;{name1} recomienda esto.
bbc9773e00aadae3183bf113019423c3;{name1} and {name2} loved a product on {Me Gusta}.;{name1} y {name2} aman un producto en {Me Gusta}.
bd1425f20586db5adb746b3a6f31c3c1;{name1} and {name2} loved {product1} on {Me Gusta}.;{name1} y {name2} aman {product1} en {Me Gusta}.
bd22f1ad078efa951d46341bc60cb36b;{name1} and {name count others} wanted {product1} and {product2}.;
bd56df593d1c3db4aa6cfeced8c1115f;1 other loved this.;Alguien más ama esto.
bd753f7a278b8684627c010c8cafacf2;Wished for {product1}.;
bdb690d5fd762f8c1b3caf211410910d;{name} sent you {=a product}.;
be05c7ded17a461d4cf5e50a216a3b99;{name1} and {name count others} are having {product1} and {product2} on {Me Gusta}.;
be0c5847da15262e4185b0ca1f8c7112;{name1} and {name count others} suggested {product1} on {Me Gusta}.;{name1} y {name count others} recomiendan {product1} en {Me Gusta}.
be7d21c0e7f99bb62afa9d81dc3e09b5;{name1} and {name2} had a product on {Me Gusta}.;{name1} y {name2} tienen un producto en {Me Gusta}.
bf020eb1013bb243906eefa0e39e8256;{name1} wished {product1} and {product2} on {Me Gusta}.;
bf10a9df708b8bdafbfd53bc8f2b0cae;products they loved;productos que ellos aman
bfa0be07375af4c2e0039959f0fb45f2;Add your products to your timeline.;Agregue sus productos a su línea de tiempo.
c019874b6d889e5ad3b169ad1e2056c5;{name} wished for a product.;{name} desea un producto en {application}.
c04e7e7e4d96dc702d0c798fc5eaedd1;{name1} and {name count others} had {product count products} on {Me Gusta}.;{name1} y {name count others} tienen {product count products} en {Me Gusta}.
c0a37e31b5967176af314e645ed11087;{name1} is having {product count products} on {Me Gusta}.;
c18117d4d6d3cc688f27ca345a0931c8;{name1} and {name count others} thought about {product count products} on {Me Gusta}.;{name1} y {name count others} pensaron algo sobre {product count products} en {Me Gusta}.
c1aba7a9ed58fe726f2735b688a0fa02;{number} others suggested this.;{number} otros recomiendan esto.
c2011635121dac87b4b0b0cd1a33462a;a product you wanted;
c2ca68c2be25d7e0b4c682ab417198f8;{name1} and {name count others} thought {product1} and {product2} on {Me Gusta}.;
c3c42572ccc9b42e6ff4b633d8bafd77;{name1} and {name2} are wanting {product1} and {product count other products}.;
c3c648c8822839d7113fec23de705872;{name1} and {name count others} wished a product on {Me Gusta}.;
c4041402d4a26f4f10880953599f6363;products he loved;productos que él ama
c4dc781aeb9d34879a3b2e759146eac9;{name1} and {name count others} are wanting {product1}.;
c54977303384dc4159ec1955721961a2;{=1 product} sent by {name};
c56d83e982633272cfdbea7d36f9d24d;{name1} and {name count others} are wishing for {product count products} on {Me Gusta}.;
c57b931b271af0b86c4c99f2672e0161;{name1} and {name2} are wanting {product count products}.;
c64c1d9d3057fe2587c54eba20487205;{name1} and {name count others} asked you for {=[count] contents}.;
c66fb478e0287da2027e15a3b4d900e7;{name1} and {name2} sent you {=a content}.;
c69b2f383998f6042ff70a6b18c0b73a;a product {name} wished for;un producto que {name} desea
c6d3b12047fb481802c26ee3477c019e;You and 1 other wished this.;
c6d52e41d9d5e077653065543e37dacb;{name1} loved {product count products} on {Me Gusta}.;{name1} ama {product count products} en {Me Gusta}.
c74e35339e477c0dbe9fb3ca52cd841d;{name1} had {product1}.;{name1} tiene {product1} en {Me Gusta}.
c7a863ef91a326c3e93d436cb0f7c2ac;{name1} wished for {product1} and {product count other products} on {Me Gusta}.;{name1} desea {product1} y {product count other products} en {Me Gusta}.
c7ddcd17cd43da14f5bbb361f8aa8d6d;You loved this.;Usted ama esto.
c84fd86277df8b7f3e92a7c8caec959a;products they suggested;productos que ellos recomiendan
c933032ba00651c8efe616984b19b6d3;{name1} and {name count others} are thinking a product on {Me Gusta}.;
c96215bb647f4d46ad74abf58bca1c1f;1 other thought this. Be the first of your friends.;
c9bd39516c32b2390124d8a9d92dfbc7;{name1} wants {product1} and {product2}.;
ca1c5818fc826210531e0b20576233b4;{name} is wanting a product.;
ca3375823f171330c869f7d6aa7c63cc;Be the first of your friends who is wanting this.;
ca9253029d2c0105a415be8d55266b75;{name1} is loving {product count products} on {Me Gusta}.;
caf272d497be5a4906282f0a857465bf;a product they wished;
cb02223c9dc2e9e3eb5ec359ce356b1e;{name1} and {name count others} wished for {product1} and {product2} on {Me Gusta}.;{name1} y {name count others} desean {product1} y {product2} en {Me Gusta}.
cb0ac2a423402b621e948e29bfed66be;Loved {product1} on {Me Gusta}.;Ama {product1} en {Me Gusta}.
cb4481e8ad8abed1db6a4a7a29d763cd;Suggested {product1} on {Me Gusta}.;Recomiendo {product1} en {Me Gusta}.
cc2009a512bb48ae4d05cf46c3e5c536;products he wants;
ccc2cef59330aa8143778f78c83e1dbf;Is loving {product1}.;
cd265dbff896654c92ed3fc62c7707fd;{name1} and {name2} are thinking {product1} on {Me Gusta}.;
cd83fd531fc3d5a6c15690a5192f4fcf;{name1} and {name count others} are thinking {product count products} on {Me Gusta}.;
cecfd367ecbe3944c66409b3ed58a6df;{name1} is having {product1} and {product count other products} on {Me Gusta}.;
ced2cda46be9b9da45a626b2e8f872ea;a product he wants;
cf1c0b8896d848419ccc25fce99babfd;{name1} and {name count others} are suggesting {product1} on {Me Gusta}.;
cf37fe79a06af7c901cb4734993c5740;1 other thought this.;
cf3d566617a239df708321a5266dd014;a product she had;un producto que ella tiene
cf4ca1b1eba35620dd9b8c675ff097b6;{name1} and {name2} are having {product count products} on {Me Gusta}.;
d0804e5400765591da23d9b5f7f5acb9;products {name} thought;
d0fb7eb30f9bc0774d3795e3b240dba6;{name1} loved {product1}.;{name1} ama {product1} en {Me Gusta}.
d0fd8bde66e23e0c19853b8e3b22b405;products you had;productos que usted tiene
d2bd240df5ebe9c7ea66b0112cb5f212;{name1} and {name count others} are loving {product1} on {Me Gusta}.;
d2e296f0ecdbd6728b9e503354aaab7f;products you suggested;productos que usted recomienda
d3952a255aeb68e2f7cb8895861108d6;{name} is thinking {number} products.;
d4274c679c5eb89b0d32b0f712927f0f;{prod.att_aux_a1} {prod.see_also2};
d445790c421daf233c3ead802fc78879;{name} thought about a product on {application}.;{name} pensó algo sobre un producto en {application}.
d44f49b45e25fbba5093c73620cc54f7;products they wants;
d476142d17e9c9e8413cec7a4c4f6e83;{name1} and {name2} wished {product1} on {Me Gusta}.;
d4c20cde416f36b70247d0cdf09ae26b;{name1} and {name2} wished {product1} and {product2} on {Me Gusta}.;
d51057bfd149807295ab2047e69e8832;a product you suggested;un producto que usted recomienda
d56605c10c625c3849757408596a5210;Be the first of your friends who is loving this.;
d57a0e665f1c5500a4ca013df5717cdc;products he suggested;productos que él recomienda
d5a2badddbda84f047de1dff65529e72;{name1} is thinking {product1} on {Me Gusta}.;
d5a842d39d3a7bb88235c1c4d1ed97e1;You wished this.;
d5b9e1abb444b692500a861a645869f5;{name1} and {name2} asked you for {=a content}.;
d609920a266696592714b77c0e7246d9;{name1} and {name count others} wanted {product1}.;
d619054edafb18259ead8cbb19fb2599;{name1} loved this.;{name1} ama esto.
d6b468d0b557d3fd5840f166f823dc77;{name} is wishing for {number} products.;
d6bab558b7ac29c2027579d93a095e10;{name} wished a product on {application}.;
d7a2df2c748ac100530a590aba8a884a;You and {name1} wants this.;
d7dce29731d4dbe7af28625a762a6438;{name1} and {name2} wanted {product1} and {product count other products}.;
d9a7d5943c1b466bff720ad1222f020a;products {name} loved;productos que {name} ama
da5c407ef04716478eeb52aa4bee7c54;{name1} and {name2} are thinking {product1} and {product2} on {Me Gusta}.;
da86d4736d6c65e963d069f5be583214;{name1} wants {product count products}.;
db1732345bd267644f0adaedb08cab2c;{name1} and {name2} are loving {product1} on {Me Gusta}.;
dbcb554e674748e706f48b5e84fdf3ad;Thought about {product1} on {Me Gusta}.;Pensó algo sobre {product1} en {Me Gusta}.
dbd797f5bce03c3699205fa95da87229;{name1} and {name2} had {product1} and {product count other products} on {Me Gusta}.;{name1} y {name2} tienen {product1} y {product count other products} en {Me Gusta}.
dcd9a66e45c169316d8cebd6e0bc38de;{name1} is wanting a product.;
dcf69246ccbf7643a76454a81dc90e2f;products you wished for;productos que usted desea
dd71b3dabc4dd0dfabc532cbc8a25044;{name1} and {name count} others thought about this.;{name1} y {name count} otros pensaron algo sobre esto.
de3a48eede022433db7a3149d6155d47;{name} loved a product on {application}.;{name} ama un producto en {application}.
de4759a9cb74ceb930e5db657f361202;{name1} and {name2} are wishing for a product on {Me Gusta}.;
df40f04928324d7f91262149c195218a;{name1} and {name2} thought {product1} and {product2} on {Me Gusta}.;
df4c01a1ffa4470296e7b75b5aeb53e3;a product you thought;
df6000076386cc1309495b8a1ab43448;{name1} is wanting {product1} and {product2}.;
df7cf612d618662081b2e80720557ea5;Is wanting {product1}.;
dfa056e93e3b8d9b662a368d106d7498;{name1} and {name count others} wished for a product on {Me Gusta}.;{name1} y {name count others} desean un producto en {Me Gusta}.
dfdd22af250e75bb88e0c6427d92ce67;{name1} and {name count others} asked you for {=a content and other requests}.;
e01ee18308e19a42ca0d7fb43624db61;{name1} and {name2} suggested {product1} and {product2} on {Me Gusta}.;{name1} y {name2} recomiendan {product1} y {product2} en {Me Gusta}.
e0d2cb614164aedf37ab06c840c53fdb;products you thought about;produtos sobre los cuales usted pensó algo
e18103e5bd59b34435ee8b4575bbd5eb;Thought {product1} on {Me Gusta}.;
e1e84129555491b4409dcd46488f9031;{=1 product} asked for by {name};
e212cdf1557377f7fe116c24ea994583;{name} is having a product on {application}.;
e232111bdd3ebd580bf1191027e51b56;{=[count] products} asked for by {name};
e23410b8d984f28d87a6cfe42aabedf4;1 other wished this. Be the first of your friends.;
e2bb387b805d0f4fff4dc08158ec05e6;{name1} and {name count others} sent you {=a product}.;
e2ce8fca4e4e07edd69961805ccd43db;{name1} thought about {product1} and {product count other products} on {Me Gusta}.;{name1} pensó algo sobre {product1} y {product count other products} en {Me Gusta}.
e3ac355df6aeed48c9274ec0a576e3c3;1 other wants this.;
e4c3628b2db2881c9676572d48e01ec3;{name1} is loving {product1} on {Me Gusta}.;
e53e3fac316d6e933821c623d834e011;{number} others wished this.;
e632742d05993d519502b33bcf3e93bb;{name1} and {name2} wanted {product count products}.;
e728c7a00cd394e66d256186f3b4ce67;{name1} and {name count others} are wanting a product.;
e74071848bafddbef621cd3af5c1a05d;products he wished for;productos que él desea
e745e70317ca3cd75960a9aa49f1db0b;{name1} and {name count others} wished {product count products} on {Me Gusta}.;
e7ae926efe6703a7e42582625a8b4dba;products {name} wished;
e81cdbcb65a11fee2fd1f246cfce25fb;products {name} wants;
e85e8f4b589922a0359fb6605b72685e;products {name} thought about;produtos sobre los cuales {name} pensó algo
e85e90ae2b838ff7ef3acdd12a407355;{name1} and {name2} are wishing for {product1} and {product count other products} on {Me Gusta}.;
e87a822774bfd78deb71ddc4e2aa68cb;products {name} wished for;productos que {name} desea
e8f427325c351bf2ce071429734240c3;a product she suggested;un producto que ella recomienda
e955b2f17ed6309ee0b6aed168e4a91f;1 other thought about this. Be the first of your friends.;1 otro pensó algo sobre esto. Sé el primero de tus amigos.
ea247b4ac60924b1e0bafd0503771ee5;a product they suggested;un producto que ellos recomiendan
ea30b6f25460e6873e43dc95bef4e25b;{name1} and {name2} suggested {product1} and {product count other products} on {Me Gusta}.;{name1} y {name2} recomiendan {product1} and {product count other products} en {Me Gusta}.
ea590718fbdd89d99e6a5aba969c2cd9;{name} wished for {number} products.;{name} desea {number} productos en {application}.
eaa01ef787679917a9111f656af19304;{name1} and {name2} wished {product1} and {product count other products} on {Me Gusta}.;
eab0d92a6bf68e7a227d2cfaba7285a6;1 other wants this. Be the first of your friends.;
eb673bb775a35df22de03d9e2ee8306c;{name1} and {name count others} are wanting {product1} and {product2}.;
ec06566bb80b15b40e41dc4f656732b3;{name1} wished for a product on {Me Gusta}.;{name1} desea un producto en {Me Gusta}.
ed05b79b865567ed321da2679250674c;{name} suggested a product.;{name} recomienda un producto en {application}.
ed4beb5620e4a6c6cf13ceb1dfd2fcde;You and {number} others loved this.;Usted y {number} otros aman esto.
eda2773f8dddf03b13875ce057e503e9;{name1} wished for {product1}.;{name1} desea {product1} en {Me Gusta}.
ee99383b5e579ef64898de3d76c26d87;{=1 content} sent by {name};
ef7f44a064f3eea7360470c08f484ac6;{name1} and {name2} are wanting {product1}.;
f00e4d698b7b45f931b4a2f7c5632d22;Is wishing for {product1} on {Me Gusta}.;
f04496f19de5cbc723b7050de5749141;{name1} is thinking {product1} and {product2} on {Me Gusta}.;
f0844ed06b54e9f47b3f36d71769231f;products they wished for;productos que ellos desean
f0b27dc123ca5b5d7b351897b1410ba5;{name} is suggesting {number} products.;
f1701a87b9e791af6efcaff8a2ec7c91;{name1} and {name count} others wanted this.;
f2a1f55edaee2519afcdd28ecd9a7ce0;{name1} wished for {product count products} on {Me Gusta}.;{name1} desea {product count products} en {Me Gusta}.
f2d2059b99ce5aef8922d3f9f3d632bd;{name1} and {name count others} thought about a product on {Me Gusta}.;{name1} y {name count others} pensaron algo sobre un producto en {Me Gusta}.
f5193d398d944689fdd7011a73ab1622;{name1} and {name count others} wished for {product count products} on {Me Gusta}.;{name1} y {name count others} desean {product count products} en {Me Gusta}.
f5bdd4cb7102ef5ca34f711be77697f3;{name1} wished for {product1} and {product2} on {Me Gusta}.;{name1} desea {product1} y {product2} en {Me Gusta}.
f61e434b84ec7566e00a398d274e6ac2;{name1} and {name2} wished for {product1} and {product2} on {Me Gusta}.;{name1} y {name2} desean {product1} y {product2} en {Me Gusta}.
f621311571e698009eeac168884a520c;{name1} had {product1} and {product count other products} on {Me Gusta}.;{name1} tiene {product1} y  {product count other products} en {Me Gusta}.
f63e4a9d493762ea2bfc7d7d3c2fdac3;{name1} and {name2} suggested {product count products} on {Me Gusta}.;{name1} y {name2} recomiendan {product count products} en {Me Gusta}.
f65f955218abba95f6f2a39b2c6bb1f0;{name1} and {name count others} thought {product1} on {Me Gusta}.;
f6ba16efe987dd2d46be74584122b9cf;{name} is having a product.;
f7882960701af73d4a84253c2f10d7b6;{name1} and {name count others} sent you {=[count] contents}.;
f7d4b1574f60cd326c607eae430fe78a;{name1} and {name count others} had a product on {Me Gusta}.;{name1} y {name count others} tienen un producto en {Me Gusta}.
f7ecb4ae86fd5c973eca8633694be9fe;{name} loved {number} products.;{name} ama {number} productos en {application}.
f857e2502424c79953b46364a97a7cf1;{name1} and {name2} are wanting a product.;
f904720c9b9ee2ccd74a7bac65ce9a4a;{name1} and {name count others} sent you {=a content}.;
f92152d6acaa1010e7a413b4b1656cca;{name1} is thinking a product on {Me Gusta}.;
f99d6b7fe2ee660c307d4de53ef15675;a product she wished for;un producto que ella desea
fa5387ee3bdb9813b7a5d134e7dbb48c;products she wished;
fb6c88f03bdd2983249775adbd238348;a product you wished for;un producto que usted desea
fb7134c5dc106f795a587957357acd1f;{name} sent you {=a product and other requests}.;
fcceddb3c4a5f8fddc2fab9fbc8c1390;{number} others had this.;{number} otros tienen esto.
fcd388855d677f9ba30e57555a2b4a5e;products she loved;productos que ella ama
fce3e9de5e3684e55d36a92c56d99ace;{name} sent you {=[count] contents}.;
fd426176952f22d9b0ae7e8a3b77f740;{name1} and {name count others} thought about {product1} and {product2} on {Me Gusta}.;{name1} y {name count others} pensaron algo sobre {product1} y {product2} en {Me Gusta}.
fd642877054af4b2f6fccbafb0ce342b;{name1} and {name count others} wanted {product1} and {product count other products}.;
fd74cc4845cbd64815d07daa992fe391;{name} is suggesting {number} products on {application}.;
fda47fde126bec478114eb62a81e6d1b;{name1} is wishing for {product1} and {product2} on {Me Gusta}.;
fda90a1fad58555a05a0e9f59adb0bee;{name1} and {name count others} suggested a product on {Me Gusta}.;{name1} y {name count others} recomiendan un producto en {Me Gusta}.
fe8e6816b2c74a674b4161803012679d;{name1} is having {product1} on {Me Gusta}.;
fede3731fd1824204554a4aac37b4472;{name1} thought {product1} on {Me Gusta}.;
fee5eaadfea16f5ac21426519e56aa27;{name} asked you for {=[count] products}.;
fffb46df3e7cdc1cd11f6f9edf8ce902;{name} thought a product.;
