004f70e98285e76b7354b346198aaffa;{name1} and {name count others} loved {product1} and {product count other products} on {megusta.do}.;{name1} y {name count others} aman {product1} y {product count other products} en {megusta.do}.
01a3d1db8e40a3cfe130a4ae7ffa29d3;{name1} and {name2} wanted this.;
0260d670c61f4c31bf2e544509000472;{name1} and {name count} others loved this.;{name1} y {name count} otros aman esto.
f7f8de93527c2469839659575edc2f65;{product count} products;{product count} productos
026a4bc285e459a1ed209505e8110482;{name1} and {name count others} wished for a product on {megusta.do}.;{name1} y {name count others} desean un producto en {megusta.do}.
026b62e3ed869a8b2072eef6138ddc86;{name1} is suggesting {product1} and {product count other products} on {megusta.do}.;
02809763922dcedb41e1be241a8e0790;{name} had a product on {application}.;{name} tiene un producto en {application}.
fd8b2c5342db66d1ef83e0ccb824c427;{product count} other products;{product count} otros productos
0328894ae12405e190207a0f2b54664b;{name1} wished for {product1} on {megusta.do}.;{name1} desea {product1} en {megusta.do}.
039cc1fb09a61f1cb87069b5d218c0e4;{name1} and {name count others} wanted {product count products} for birthday ({birthday}) on {megusta.do}.;
03ee1c0f943be87b1124499c0b60225e;{name1} is loving {product1} on {megusta.do}.;
0403fab403020177841c2089cb799bad;{name1} and {name2} wished for {product1} and {product2} on {megusta.do}.;{name1} y {name2} desean {product1} y {product2} en {megusta.do}.
052d24cfe0c0ab8eb2f318bff2275f92;{name1} and {name count others} loved a product on {megusta.do}.;{name1} y {name count others} aman un producto en {megusta.do}.
ff5e270e61a3297276c94cb5449d0fb8;{name count} others;{name count} otros
05b48b484a2e128fffe2cf77b7b35ebd;a product he wished for;un producto que él desea
05b78d7a1fd6a02184d2f3771f9e98df;{name1} and {name2} asked you for {=[count] contents and other requests}.;
05ddcb9691b2b7bd403fe0c60ba155fb;{name1} and {name2} loved this.;{name1} y {name2} aman esto.
0692eef059daabb5556f2cfd4aa2678d;{name} asked you for {=[count] products and other requests}.;
07453e9f4312b0cc2e2e967014d89918;{name1} is wanting {product1} and {product2} on {megusta.do}.;
07ea3e2787f74f0a711405c2a2f3a7da;{name1} and {name count others} are thinking about {product count products} on {megusta.do}.;
080a8c277882b35416b92d752f386e85;You and {name1} thought about this.;Usted y {name1} pensaron algo sobre esto.
08fa02a373c42bc1ffcfca0155232ee0;You and 1 other wanted this.;
091e268b646b60efd83b77e7d08ba32b;{name1} and {name2} sent you {=a content and other requests}.;
094ef7fd90d36c3cf221ffac444ceffc;{name} asked you for {=a product}.;
0960246544e618f7e735bb36e8303490;{name1} and {name count others} wanted {product1} and {product count other products} on {megusta.do}.;
d3d6e8564ca5d617e86765d19e869573;a content and other requests;
0adc4067b0c27065212e9fc6602a2164;{name1} and {name count others} are having {product1} and {product count other products} on {megusta.do}.;
0b219e7ec695f63a407863416a3060fc;{name} wished for {number} products on {application}.;{name} desea {number} productos en {application}.
0bd835ab429bea6b23f0742f1d74d6e7;{name} sent you {=a content and other requests}.;
0beb6758fe06869f99fe14a7a151221c;{name1} and {name count others} are thinking about {product1} on {megusta.do}.;
675ac1493f6bc3901164134c8996b3bc;1 content;1 contenido
0d6ab79e8c6ab3d02349e00039b7fb31;{name1} and {name count others} are wanting a product on {megusta.do}.;
0d88a16b54802ccd0266632c1cd90816;{name1} is wishing for {product1} and {product2} on {megusta.do}.;
0e43b5a44084d0630f04de4c23133fe8;{name1} and {name2} thought about a product on {megusta.do}.;{name1} y {name2} pensaron algo sobre un producto en {megusta.do}.
0ebcfb9d06e61c3d50c3430d6b30a0cd;{name1} and {name count others} are wanting {product1} and {product count other products} on {megusta.do}.;
0ec9eeac1c7a714c17bb8d36f835684b;{name1} and {name count others} are suggesting a product on {megusta.do}.;
0f926eb64abf2d441a58b6af312dcb9b;{name1} and {name2} suggested a product on {megusta.do}.;{name1} y {name2} recomiendan un producto en {megusta.do}.
0f9a24808340d55640c2de2b5e3a3295;{name} had {number} products.;{name} tiene {number} productos.
0fa9edb68493c0bb552d2ebd2fd693c8;{name1} and {name count others} loved {product count products} on {megusta.do}.;{name1} y {name count others} aman {product count products} en {megusta.do}.
1048c8df7611ca9ea93922eea0a4f8d3;{name1} and {name2} had {product count products} on {megusta.do}.;{name1} y {name2} tienen {product count products} en {megusta.do}.
11107c4a4110014c0e625dccfac42593;{number} others wished for this. Be the first of your friends.;{number} otros desean esto. Sé el primero de tus amigos.
116bd723530c2d004420e6f3083e4d2e;{name1} and {name count others} wanted {product1} for birthday ( {birthday} ) on {megusta.do}.;
1175823715e2f9435a3ebc1530fd52eb;{name1} suggested {product count products} on {megusta.do}.;{name1} recomienda {product count products} en {megusta.do}.
119b7eeeee975394bcdc4b7b482be4f3;products she wished for;productos que ella desea
11c27d29d05eae684df32a0de88e5369;{name} is wanting {number} products on {application}.;
12214acb1b8821f54e87adaa3a2a13ef;a product you loved;un producto que usted ama
f70b9c2eba901784372428d9eeec28b4;a product;un producto
16031fe5253647c9b4a726929dee4752;{name1} is wishing for {product count products} on {megusta.do}.;
1730c0caf032de15c7d2da5fba718c10;{name1} and {name2} are thinking about a product on {megusta.do}.;
1742d0410e8421f5b43d684188e0cd48;{name1} is wishing for a product on {megusta.do}.;
183d04f55bd9a43740bc5c5f44875c65;{name} had a product.;{name} tiene un producto en {application}.
1867222a15801cd470ffab5b5fea8fbe;{name} is having {number} products on {application}.;
f2ace12286df5e5bc28eac65cbfed52f;{count} contents and other requests;
18ba6228cd1c64efba63e56cc0d79ae7;{name1} and {name count others} sent you {=a product and other requests}.;
19245d6638fdb6de1c86d03c45ed4c20;{name1} and {name2} are wanting {product1} and {product count other products} on {megusta.do}.;
1957f8dc3a2206e0edc34af5e6aef500;1 other wished for this.;Alguien más desea esto.
19c6a7641f8b280419c268af282a8625;{name} sent you {=a product}:;
1a835191dedda1d89ecf281f5b0e16e0;a product {name} thought about;un producto sobre el que {name} pensó algo
1bae2842cf973b7a1236ac16766fd4e1;{name1} wanted {product1} and {product count other products} for birthday ({birthday}) on {megusta.do}.;
fe1f14a9258530f567caf28c7cd91003;{count} products;{count} productos
1c6d314037b80f18188dc59f933ff329;{name1} wished for {product1} and {product2} on {megusta.do}.;{name1} desea {product1} y {product2} en {megusta.do}.
1cf262c89ba7a2d8583fb8b864edb39c;products they thought about;produtos sobre los cuales ellos pensaron algo
1d0ced8fd825fda04da3f12b03dfd48f;{name1} and {name2} loved {product1} and {product count other products} on {megusta.do}.;{name1} y {name2} aman {product1} y {product count other products} en {megusta.do}.
1e31876c1cfa98b6df374024bd560a0f;{name1} and {name2} loved {product1} and {product2} on {megusta.do}.;{name1} y {name2} aman {product1} y {product2} en {megusta.do}.
1e7cb3960020e785ff6f9e4af860a361;{name1} and {name count others} sent you {=a content and other requests}.;
1e92e3727b52faaafe9ee084cfc84b41;{name1} and {name2} are wanting {product count products} on {megusta.do}.;
1f69f4ce09f3968c5bd9f2d0e0d1956c;{name1} and {name count others} wanted a product on {megusta.do}.;
1f771203cc7a6f62e2cf9c9df4e2dd06;{name1} and {name2} sent you {=a product}.;
1fe6328f3528def3ff543323ff8027af;Is wishing for {product1}.;
1ffbd9751c7927cd4bbb905ee9014834;{name1} and {name2} are having {product count products} on {megusta.do}.;
206d201bc8ffa198245bc5b306ce5e0f;{name1} loved {product1} on {megusta.do}.;{name1} ama {product1} en {megusta.do}.
208a3fb081ce6adf19dbefb1e31b524e;a product you had;un producto que usted tiene
20c22385c7c56264d9bf0489e4fa181a;You and 1 other thought about this.;Usted y alguien pensaron algo sobre esto.
211ef109d894482d0ad8dbf7b564f211;{name1} and {name count others} asked you for {=a product}.;
21b822962cd4a48107fa8df5fccfbb93;products you wanted;
21e5a0498886d5d8931ba872a23e8a47;a product he thought about;un producto sobre el que él ha pensado algo
229fc75b1ae97e4c9cedf4af86ff3d0f;{name1} had this.;{name1} tienen esto.
23ca8d077114bc2b48f54d7022240346;{name} is thinking about a product on {application}.;
ff2d9fbcea8345a52d43a42ed4ee290c;{count} products and other requests;
254bdc78435cb2c2cba729f219188e2d;Be the first of your friends who is wishing for this.;
25afacd2aea7b46bb9c8d08eb74c0515;{name1} is thinking about {product count products} on {megusta.do}.;
25c8ec0561feb6651330341b58fdc4ed;Be the first of your friends who is thinking about this.;
26767d37a0bc6815306c508e4efe1434;You and 1 other suggested this.;Usted y alguien más recomienda esto.
26a0a99d8eb3e860c631e6ce0498d295;{name1} and {name2} thought about {product1} on {megusta.do}.;{name1} y {name2} pensaron algo sobre {product1} en  {GetSocial C ac} en {megusta.do}.
271e0c8102219bdb580be9ad6ff60bc6;{name1} and {name count others} suggested {product1} and {product2} on {megusta.do}.;{name1} y {name count others} recomiendan {product1} y {product2} en {megusta.do}.
282918e19b6ae61b410b129e00979314;Suggested {product1}.;Recomiendo {product1}.
289d9ca594f4228ea90bc96d062ed4e7;{name1} and {name count others} had {product count products} on {megusta.do}.;{name1} y {name count others} tienen {product count products} en {megusta.do}.
295eb857c74c59ae271894cbcd1f11af;{name1} and {name count others} are wishing for {product1} and {product count other products} on {megusta.do}.;
2a034c2741abe563ceb6aa8d7b9e7d8e;{name1} and {name2} suggested {product count products} on {megusta.do}.;{name1} y {name2} recomiendan {product count products} en {megusta.do}.
2a740fd2fb68fa5c0e0d7bdd54b03569;your product;su producto
ece909968ed32291f73dd2f08e40c491;a content;un contenido
2b23a941fda5b53d45380ab38bd2637d;{name1} and {name count others} suggested {product1} on {megusta.do}.;{name1} y {name count others} recomiendan {product1} en {megusta.do}.
2b6b8ecf901e9c902fa1a8f23f85192e;{name1} and {name count others} thought about {product1} and {product2} on {megusta.do}.;{name1} y {name count others} pensaron algo sobre {product1} y {product2} en {megusta.do}.
2c1029bc83ef7e0ac15e36a818bc8a2c;I want this for my Birthday ({birthday1})!;
2c2c0d298e4d91f2114bb2d9546a8b21;a product he loved;un producto que él ama
2cadf1d41a070ba930162b2564df70c8;{name1} had {product1} and {product count other products} on {megusta.do}.;{name1} tiene {product1} y  {product count other products} en {megusta.do}.
2ce3b2ae8b878cf5ac8597719f85cf74;{name} asked you for {=a content}:;
2d0964f63f17052b26a6765ff74f8833;{name1} is suggesting {product1} on {megusta.do}.;
2d656e4d661473418773208c8972ad57;{name1} loved a product on {megusta.do}.;{name1} ama un producto en {megusta.do}.
2d938d0049543b374cbae00c608d4efc;{name} wanted {number} products for birthday ({birthday}).;
2e32105ba22dca4cac19cee203edc00d;{name1} wanted a product for birthday ({birthday}) on {megusta.do}.;
2e87b63e1562e4744498038f0c14f636;{name} asked you for {=[count] contents and other requests}.;
2f02771d5dc24533143316cbac5fb0e5;{name1} and {name count others} wished for {product count products} on {megusta.do}.;{name1} y {name count others} desean {product count products} en {megusta.do}.
2f482604ad6d939cf202d3579db193d7;{name1} and {name count others} sent you {=[count] products}.;
2fbf7a3398ebd9734f9fc42261fbf075;You and {name count} others suggested this.;Usted y {name count} otros recomiendan esto.
303b3962ef60a2d7b42863d1f7e06a3d;Add your contents to your timeline.;Agregue sus contenidos a su línea de tiempo.
30c6c70428b3e6b104f0a7ef7c6305bf;{name1} suggested {product1} and {product2} on {megusta.do}.;{name1} recomienda {product1} y {product2} en {megusta.do}.
314c6df380f4580516ffaf3ba64efb34;{name1} and {name count others} wished for {product1} on {megusta.do}.;{name1} y {name count others} desean {product1} en {megusta.do}.
3193adcbd9d8ff457ed575f18d6131b1;{name1} and {name2} are loving {product1} on {megusta.do}.;
32f749d3e164876e470f6b2c694eba0e;{name} sent you {=a content}:;
3347925f450647ddaf4c8e9639882641;You and {number} others had this.;Usted y {number} otros tienen esto.
3475234bf6ed08954aab8f3073584d80;{name1} is suggesting a product on {megusta.do}.;
34792aabc6d396b3feaacfebc3d2d78d;{name1} is loving {product1} and {product2} on {megusta.do}.;
34b8804ac3f3d799472ff6c0f30d4ab0;Had {product1}.;Tiene {product1}.
36c5b872fc18cea96fb3e94f26dcf8e0;{name1} and {name2} had this.;{name1} y {name2} tienen esto.
36ebaf3230f26fd8fe623da0584bdec3;{name1} and {name2} sent you {=a product and other requests}.;
37162e25b885deeb13db4cc3732a2f81;{name1} and {name2} had {product1} and {product2} on {megusta.do}.;{name1} y {name2} tienen {product1} y {product2} en {megusta.do}.
3769c67bf29c01a66d2f6e97b2c91fc4;You and {name count} others wished for this.;Usted y {name count} otros desean esto.
3773490faad53107cc91708e12df97be;{name1} suggested {product1}.;{name1} recomienda {product1}.
38074bb229a5e64efbdae8ae1207851b;{name1} and {name count others} are thinking about {product1} and {product count other products} on {megusta.do}.;
391abbbfd538cb36998bdcf2dcc24bbb;Be the first of your friends who is suggesting this.;
39e99b17de8bb7450360975d9228198a;{name1} is wishing for {product1} on {megusta.do}.;
39f9a3210aedf5172eff279b8e3079ff;{name1} and {name count others} are wishing for {product count products} on {megusta.do}.;
3a23075b69f5244fc4b58a443c79b1dd;products he wanted;
3a4962bb28a1d9d5c20a691ceb72fc67;{name} is wishing for a product on {application}.;
3ac3b9b4d2e5251cd5a7d766ed025405;{name1} and {name count others} are loving {product1} and {product count other products} on {megusta.do}.;
3c307d5946084d0452ddc4becd490efb;{name1} and {name count others} asked you for {=a content}.;
409e95ce37f81cffd61cf3cb81a1ad0f;You and 1 other loved this.;Usted y alguien más ama esto.
4208d9457db0c60438b2852e743cc5d4;You and {number} others wanted this.;
429277bfade16cd8d28b45e5cb408653;products she had;productos que ella tiene
4313fdb27e8690336bfa6f62f22674a0;You wished for this.;Usted desea esto.
439f2f9537844e29355eb09fb3b1d32a;{name1} and {name count others} wanted a product for birthday ({birthday}) on {megusta.do}.;
43b56c7496a2e08f01d45b20512fc736;{name1} wanted {product1} and {product2} for birthday ({birthday}) on {megusta.do}.;
4445947a9379b51d5ca2fa93ac3cd31d;You and {name1} wanted this.;
44c6661c15d0d87607c56bbab1526c55;{name1} and {name count others} thought about {product count products} on {megusta.do}.;{name1} y {name count others} pensaron algo sobre {product count products} en {megusta.do}.
4568d482050b9f7b4f6c2f883905996b;Is suggesting {product1}.;
459c31bc825acd09881e6bf3b71d37dc;{name1} and {name count others} are wishing for a product on {megusta.do}.;
45b21e364e130aad052e63c6470243ba;{name1} loved {product1} and {product count other products} on {megusta.do}.;{name1} ama {product1} y {product count other products} en {megusta.do}.
45f5a9d4cbe9d8c80b15058a73350975;Be the first of your friends who is having this.;
46007e274c9b36a47367816ee69dc722;a product he had;un producto que él tiene
8acba4630f44d0565fffa79d155b1815;1 product;1 producto
47104b6c7f599098af611e821424b311;{name1} and {name2} wanted {product count products} on {megusta.do}.;
47b3f2d5df84ffa5c728329978622445;a product they thought about;un producto sobre el que ellos han pensado algo
47cb54a9a821baac23b38e90984899e9;a product {name} suggested;un producto que {name} recomienda
48dc78cb2f84bf3a0616143d059c8799;{name1} thought about {product count products} on {megusta.do}.;{name1} pensó algo sobre {product count products} en {megusta.do}.
498e55eca51318408b18601d3a561c81;{name1} and {name2} wanted a product for birthday ({birthday}) on {megusta.do}.;
49ca4a89acb957562b483e1d477e99f0;{name1} and {name count others} asked you for {=a product and other requests}.;
49d4251a8f623fbdaad6900408009c38;1 other suggested this. Be the first of your friends.;Alguien más recomienda esto. Sé el primero de tus amigos.
49d6a9a7d6b1d40a46deabf10a32d6c8;a product {name} wanted;
4a55d546c4bc49e794ca149f0d68b222;{name1} wanted {product1} for birthday ({birthday}) on {megusta.do}.;
4a8d6caa8fe5f8af04bdc78492dcd2b8;{name1} and {name2} thought about {product1} and {product2} on {megusta.do}.;{name1} y {name2} pensaron algo sobre {product1} y {product2} en {megusta.do}.
4af023b3927af0cad0cde69d9b98dc1b;You and {name1} suggested this.;Usted y {name1} recomiendan esto.
4b20c585e030fb52612b378cab05ada9;{name1} and {name2} are loving {product1} and {product count other products} on {megusta.do}.;
4b355ef91205d806fb75b1f8114ab86e;products he had;productos que él tiene
4b3960a58e22298aa62415d133ed4b01;{name} loved {number} products on {application}.;{name} ama {number} productos en {application}.
4b3e18abc6b87a77763159355bcf7e5b;{number} others loved this.;{number} otros aman esto.
4b847e8e1670193f2ec2738875838cf4;{name1} wished for this.;{name1} desea esto.
4bb06206285034b7166492bc73da3505;a product she loved;un producto que ella ama
4d119c15f7559d17afb0e730d56103eb;{name} is loving {number} products.;
4d6a87ad507d28772ddb35597cbb32c2;{number} others loved this. Be the first of your friends.;{number} otros aman esto. Se el primero de tus amigos.
4daa0aecec02dc15cc5c8e19161bda5e;{name1} and {name2} asked you for {=[count] products}.;
4eba72f96acdff76733c8d6f58756af7;{name} is wanting a product on {application}.;
500c6ebeb0558c742dd200737d776a1b;{name} sent you {=a content}.;
502d3268d73080e7aa5c9018e47ce3ec;{name} wished for a product on {application}.;{name} desea un producto en {application}.
509b42969c8825d39f2ab729b1e9f278;a product they wished for;un producto que ellos desean
51ebc017737c3e6aa3b451817bd6f7b7;{name1} and {name2} sent you {=[count] products and other requests}.;
520ec7c48c5b1411d8cdbe4950acbc56;{name1} thought about {product1}.;{name1} pensó algo sobre {product1}.
5268199797096e3ccc1f3c9859037e7a;{name} wanted {number} products.;
e97d2f5737bf51632b3b7f9e8650aa97;a product and other requests;
52a1b15b35d9d3b3ac82154a48515d2c;{name1} wished for {product1} and {product count other products} on {megusta.do}.;{name1} desea {product1} y {product count other products} en {megusta.do}.
52c2f7ac503d96cc7db72a8b385258c8;products he thought about;productos sobre los cuales él ha pensado algo
52d638eee5598d02cf32449e7f016546;{name1} and {name2} asked you for {=[count] products and other requests}.;
52e1de93db963853b748419cdccfa820;a product she thought about;un producto sobre el que ella ha pensado algo
538a50ec0a65de00448b937ed2d4634a;{name1} and {name2} thought about {product count products} on {megusta.do}.;{name1} y {name2} pensaron algo sobre {product count products} en {megusta.do}.
5544ec72639c4c787d6aa69ae68c86af;products they had;productos que ellos tienen
55581e1b37392cedf0b7b4d80f1bd5d0;You and {name1} loved this.;Usted y {name1} aman esto.
556bbd1ba07321d238840fa538c44cd3;products she suggested;productos que ella recomienda
56ad94d8121f4d240bdfe2e70e2fff86;{name1} and {name2} are loving a product on {megusta.do}.;
56cd97eb77e5e36315141b5fa33889e2;{name1} and {name2} suggested this.;{name1} y {name2} recomiendan esto.
570afc80616eb72604b239022205b3a4;{name1} had a product on {megusta.do}.;{name1} tiene un producto en {megusta.do}.
579ca8d7d11ffc29b6c6dd2d898d1715;{name} is suggesting a product on {application}.;
579f1681b6c440bb22119f45315006cb;You and {number} others suggested this.;Usted y {number} otros recomiendan esto.
581ea2288914c971ab815d6c3e3050c8;{name1} and {name count others} are wanting {product1} and {product2} on {megusta.do}.;
597dc525bd0a3d1f1760914b105a04b8;{name1} and {name2} sent you {=[count] products}.;
59909bde5c5dec0eee316a15bf586996;{name} loved a product.;{name} ama un producto.
59d56cce6096e87ec1394cefcb352e81;{name1} and {name2} had {product1} on {megusta.do}.;{name1} y {name2} tienen {product1} en {megusta.do}.
5b352072b10434de138a246774923c1d;{name1} wanted a product on {megusta.do}.;
5b6f6885ccd866c17672659c68948c05;{name1} and {name count others} are wishing for {product1} on {megusta.do}.;
5b8c571dd008b609eee0f9b528aa8ecb;Thought about {product1}.;Pensó algo sobre {product1}.
5bdb566ea4b81014ba6299fd034c7686;{name} is suggesting a product.;
5c7b572069e9a3f59ee430956dfa6f36;{name1} and {name count others} had {product1} and {product count other products} on {megusta.do}.;{name1} y {name count others} tienen {product1} y {product count other products} en {megusta.do}.
5ce78593d38388f56088e052612f2954;{name} sent you {=[count] contents and other requests}.;
5d269c6f963944873ba3275e476844f6;{name1} and {name count} others wished for this.;{name1} y {name count} otros desean esto.
5d27c298bbf05747a079e4a4fdc06f7a;a product he suggested;un producto que él recomienda
5de60c8ab467fa54bd73fc991d3e1a60;{name} is wanting {number} products.;
5dee9ca20841588f430645af17ea2068;{name} asked you for {=a content}.;
5dfdb4719bc13dd1bc0d390b3479d019;{name1} is thinking about {product1} and {product2} on {megusta.do}.;
5e7356fbd32e8c12f8358384a9bfd882;{=1 content} asked for by {name};
5ec3d669aa31cfd09da8a43e987943f5;{name1} and {name count others} are loving {product1} on {megusta.do}.;
5f6ceb7d86d6d7fd1f75c8f9e07c0d8f;Is loving {product1} on {megusta.do}.;
60aafa20ab9381a286fe82a9829e9393;{name1} and {name count} others suggested this.;{name1} y {name count} otros recomiendan esto.
60d412126f2027c08a8852acd2d26e01;{name1} and {name2} are wanting {product1} and {product2} on {megusta.do}.;
611b42df3284c7853e1057828a6a2e9e;{name1} and {name2} had a product on {megusta.do}.;{name1} y {name2} tienen un producto en {megusta.do}.
615f173c6fce073369f225e443649f67;1 other loved this. Be the first of your friends.;Alguien más ama esto. Sé el primero de tus amigos.
61b0d33edffd0172060a8ba2741ce398;{name1} and {name2} are thinking about {product count products} on {megusta.do}.;
630300c4fe73322a4970d2d77b10deb1;Is having {product1}.;
630a5e21bc20629e420fcf867b43a282;{name} suggested {number} products on {application}.;{name} recomienda {number} productos en {application}.
641f44fc53399b33a7c5a551df87eaae;Is thinking about {product1}.;
64369aa616472673d9fc17641bc8e03b;{name1} wished for a product on {megusta.do}.;{name1} desea un producto en {megusta.do}.
64d89ec7b692efbf0cf25b8d36e118a5;{number} others had this. Be the first of your friends.;{number} otros tienen esto. Sé el primero de tus amigos.
656223afd17af0b2942678f12931aa85;{number} others wanted this.;
6585863991f4459ca7348839df59dac4;You and {number} others thought about this.;Usted y {number} otros pensaron algo sobre esto.
66520aaedcdd9467e09def92f245e1ce;{name} sent you {=[count] products}.;
667cde08497485b819c5c73e66fddff4;{name1} and {name count others} sent you {=[count] contents and other requests}.;
678196e325635cb33b7b98aa225b87af;products {name} had;productos que {name} tiene
67c66465705f79bc16b44515adebb8ef;{name1} and {name count others} are having a product on {megusta.do}.;
6816a8e074750530f71e6de56039c38f;{name1} and {name count others} had {product1} on {megusta.do}.;{name1} y {name count others} tienen {product1} en {megusta.do}.
691a1feda396e5c925267d9121d2a463;{name1} wished for {product count products} on {megusta.do}.;{name1} desea {product count products} en {megusta.do}.
6b5f9b22bd7fc74dbddfa6ba6387fbc7;{number} others thought about this. Be the first of your friends.;{number} otros pensaron algo sobre esto. Sé el primero de tus amigos.
6b99e2e493d96a72bd820da7ed78f4df;{name1} and {name2} are suggesting a product on {megusta.do}.;
6c16d0410a0b8ee3dc1519f031da79c7;{name1} and {name count others} suggested a product on {megusta.do}.;{name1} y {name count others} recomiendan un producto en {megusta.do}.
6c2ff54b88493b8233b2dc4a9e20b763;{name} asked you for {=[count] contents}.;
6c5f269ceb1833299869dd3fffb6fd88;{name1} and {name2} asked you for {=a product and other requests}.;
6da031546431cb4fe2adb3a60f81fc54;{name} sent you {=[count] products and other requests}.;
6eda829973b298b9fc32f06858464634;{name} thought about a product.;{name} pensó algo sobre un producto.
6ee4dc90d6419d68afcca76f0c2bc154;a product {name} had;un producto que {name} tiene
6f2f4dccb620627cbda848163bcc085b;{name} is wishing for {number} products on {application}.;
71517b8f5fe67f966ab137691755ef1f;You and {name count} others had this.;Usted y {name count} otros tienen esto.
71a74ba7c4c0b8a4eb0e4f0347cd1703;{name1} and {name count others} asked you for {=[count] products}.;
73d82641d2f33f0a170a0e935e1e4759;{=[count] products} sent by {name};
74aaafe34665e6709effe22548ab488d;{name1} wanted {product1} and {product count other products} on {megusta.do}.;
758dccbaa423c7d080e18356f248be2b;{name1} and {name count others} asked you for {=[count] products and other requests}.;
764b58cce29f2a5557c8d53104d1b564;{name1} loved {product count products} on {megusta.do}.;{name1} ama {product count products} en {megusta.do}.
76a4fa7fb9ca9d45581a13d7ad5f6b7a;{name} is thinking about {number} products on {application}.;
778f7c298a7fd3d02404769a491fc15f;{name1} and {name2} wished for this.;{name1} y {name2} desean esto.
785ec38926bc95cf39691dd882387b5c;Loved {product1}.;Ama {product1}.
7a71764b072a767e8f4a68c6fb13d2e4;{name1} and {name count others} are wishing for {product1} and {product2} on {megusta.do}.;
7ac15c176afdc2bb826094dd1d8c63db;{name1} and {name2} are having {product1} and {product2} on {megusta.do}.;
7ae4539f819f7f71cf53d6bda1a5953e;{name1} is loving {product1} and {product count other products} on {megusta.do}.;
7b51bedf559bcd323cbd55d1e0dd0793;You and {number} others wished for this.;Usted y {number} otros desean esto.
7b7e015f904883929951daa183ebc5fb;{name1} and {name count} others had this.;{name1} y {name count} otros tienen esto.
7bd8d3e0fbcb6a6111ecf3ad58eb89b6;{name1} and {name2} asked you for {=[count] contents}.;
7c8f35f58105ba43c77b054cc21a3bd8;{name1} and {name2} wanted {product1} on {megusta.do}.;
7c9c0091df23d979903afb3c9bdcdfea;You and {name count} others thought about this.;Usted y {name count} otros pensaron algo sobre esto.
7ce394f0f2d6c57fbd8f16e3431edd11;{name} is having {number} products.;
7d604dd07350912c485a4a3d0528d0f6;{name} is wishing for a product.;
7d84a06c1544833c94e4de191f6a8185;{name1} and {name2} wished for a product on {megusta.do}.;{name1} y {name2} desean un producto en {megusta.do}.
7e457aa1a2848a4f2c36cbc44476ff73;You wanted this.;
7e6b5972bfe571ba38d9f6b7addb0279;{name1} and {name2} are having a product on {megusta.do}.;
800b2981b09037a3dd73e5dd02e4f002;{name1} is wishing for {product1} and {product count other products} on {megusta.do}.;
8096d0c8339804034bfdf9f91d0d1f91;You had this.;Usted tiene esto.
80da9d764aafaf8dec9f1dd0f3e7c142;{name1} and {name2} thought about {product1} and {product count other products} on {megusta.do}.;{name1} y {name2} pensaron algo sobre {product1} y {product count other products} en {megusta.do}.
814b9262c74550174ecc787a0c8244dd;{name1} and {name2} are suggesting {product1} and {product count other products} on {megusta.do}.;
8154b6a86a8d707bb44b649fb51092c9;{name1} thought about {product1} on {megusta.do}.;{name1} pensó algo sobre {product1} en {megusta.do}.
8163ced723d2e5f270df2b0070346370;1 other thought about this.;1 otro pensó algo sobre esto.
820db0485933c556310c5a81244e1dd3;{name} is loving {number} products on {application}.;
82ca796a12785692515c97576eaa2d9f;{name1} and {name2} are wishing for {product count products} on {megusta.do}.;
836045b3cd6f6cd2b341a4eede962936;{name1} and {name count others} loved {product1} and {product2} on {megusta.do}.;{name1} y {name count others} aman {product1} y {product2} en {megusta.do}.
83aac996a9bb3b295c3cb199fa873550;{name1} is having a product on {megusta.do}.;
83ae0290f0e32262383c211478e56a51;1 other wished for this. Be the first of your friends.;Alguien más desea esto. Sé el primero de tus amigos.
8550764c94ce24939465fcd77e9565ea;{name1} had {product1} on {megusta.do}.;{name1} tiene {product1} en {megusta.do}.
85ded840e388d47ca7640d3337100dad;products they wanted;
86c645ac23b224d6ff08ebffb696b94d;Wanted {product1} on {megusta.do}.;
87a07a47c78494baf856ad9856dd8502;{name} asked you for {=a product and other requests}.;
87add725db63a064ff0aa2641d73d465;{name1} wanted {product count products} on {megusta.do}.;
889e121f5bcc16f327016faae31846b7;{name1} and {name2} are loving {product count products} on {megusta.do}.;
88bf56130184da45fcfe150d960937d8;{name1} and {name2} wished for {product count products} on {megusta.do}.;{name1} y {name2} desean {product count products} en {megusta.do}.
8a674f6b726cc77ee423cb0296fed281;{name1} and {name2} asked you for {=a content and other requests}.;
8ac9f16b1e84fba43256ba6fd387d9bd;{name1} and {name count others} loved {product1} on {megusta.do}.;{name1} y {name count others} aman {product1} en {megusta.do}.
8adaf9d2a4ca45d96fc9db6febd2eac7;Is suggesting {product1} on {megusta.do}.;
ef0b7fe259aff7e46fd68c7b48c5877e;{count} contents;{count} contenidos
8c5c3afcf91ed4e2236784ba8bfa2c4f;{name1} and {name count others} asked you for {=[count] contents and other requests}.;
8c71fd4c541e00447e95b87f4837f9b5;{=[count] contents} asked for by {name};
8c85ee8f593c5d3af936f32ab42ab699;{name1} and {name2} are suggesting {product1} and {product2} on {megusta.do}.;
8d0bcffbb3f42f00390d3c12a4471158;{name1} and {name2} are wishing for {product1} and {product2} on {megusta.do}.;
8d4adcc80c176cd71808318c0d7262f7;{name1} and {name count others} are wanting {product count products} on {megusta.do}.;
8dae3fa3a38fb91d3e4a2b4f25002fdb;{name1} and {name2} loved {product1} on {megusta.do}.;{name1} y {name2} aman {product1} en {megusta.do}.
8de6570990377ac540fcabfd8a031570;a product you thought about;un producto sobre el que usted ha pensado algo
8e080bfdc2fbcbf9eb45c5274d2be55d;Thought about {product1} on {megusta.do}.;Pensó algo sobre {product1} en {megusta.do}.
8e5780ca715aa14e25df19a9fee3d6e6;products {name} wanted;
8f1c9c04eab59d1c81025278843f276b;{name} is loving a product on {application}.;
8f38bbd87a4019fe311e893d3467de61;{name1} and {name count others} are suggesting {product1} and {product2} on {megusta.do}.;
8f84ff75b2cf7e70a0357918feb196aa;your content;su contenido
910110b9bba832598a1285c2321069ba;{name1} and {name2} wanted a product on {megusta.do}.;
9135f9493ed59e671239ae8df2ff92d5;{name1} is having {product count products} on {megusta.do}.;
917faa164856c6acdca6b1a2278931a6;{name1} and {name count others} are loving {product1} and {product2} on {megusta.do}.;
91acda74b6ee3b223fe0aa66264b5ed6;{name} wanted a product for birthday ({birthday}).;
9235e5d36aac30fc84b1487989bbfb36;{name} thought about {number} products on {application}.;{name} pensó algo sobre {number} productos en {application}.
92c40368d6094a3fc48acc37c1786463;{name1} and {name count others} suggested {product1} and {product count other products} on {megusta.do}.;{name1} y {name count others} recomiendan {product1} y {product count other products} en {megusta.do}.
92cbf569ec557cee530aea59bd56ebfe;{name1} wanted {product1} and {product2} on {megusta.do}.;
934c6f973dd21f89508c5d89499de3aa;You and 1 other had this.;Usted y alguien más tiene esto.
935c3dcbaba67fc6028262a2ca58d434;a product they wanted;
93a5d55fb55e7b3d9a25b25f9c254d1d;{name1} and {name count others} are loving {product count products} on {megusta.do}.;
948a99764874239767de982d334f250e;{name1} and {name2} are thinking about {product1} on {megusta.do}.;
949dd57d5c38e2685d5504728feb6079;1 other suggested this.;Alguien más recomienda esto.
9585ab40aa51aac3d6ed1717f8e06246;{name1} thought about {product1} and {product count other products} on {megusta.do}.;{name1} pensó algo sobre {product1} y {product count other products} en {megusta.do}.
95927ddd84da27bc413a2253d476ed11;{name1} wanted {product count products} for birthday ({birthday}) on {megusta.do}.;
95bb6cbd0cae09687593c0ba0151059c;{name1} and {name count others} are thinking about a product on {megusta.do}.;
95d8f636e2c8c707cba0f9a4ec9b0fa4;{name1} and {name2} had {product1} and {product count other products} on {megusta.do}.;{name1} y {name2} tienen {product1} y {product count other products} en {megusta.do}.
968ce4a3128fcbe0468bdcd7197bc87d;a product they loved;un producto que ellos aman
97234a20e0ef8f58de1baabdd46e642b;{name1} is having {product1} on {megusta.do}.;
98259cd3d0c2b9430f7652e08b8a858e;a product they had;un producto que ellos tienen
9904f33ca536aff87720369ffbe7ab6e;{name} wanted a product for birthday ({birthday}) on {application}.;
993763cb531edf00d729809875ae5e59;You thought about this.;Usted pensó algo sobre esto.
9a3cc16c2bda4267f2f43f787393190c;{number} others suggested this. Be the first of your friends.;{number} otros recomiendan esto. Sé el primero de tus amigos.
9aba9ac93b876e2c093bdd26b7ba6549;products {name} suggested;productos que {name} recomienda
9b3e6de9e7abbee2153707b05bf7c4a7;Had {product1} on {megusta.do}.;Tiene {product1} en {megusta.do}.
9b815a93e211486191b34c2dca7ee979;{name1} and {name2} are wanting a product on {megusta.do}.;
9c0b14dc9983bcfb185d060bd33e251d;{name1} and {name count others} wanted {product count products} on {megusta.do}.;
9c4e83e6daccb3515aa7335d03373f1c;{number} others wanted this. Be the first of your friends.;
9e7a7f9b2a8159a9d5b35bf5b99b4b5c;{number} others thought about this.;{number} otros pensaron algo sobre esto.
9e9c10f5b943a923e9c1b6a263c49977;1 other had this. Be the first of your friends.;Alguien más tiene esto. Sé el primero de tus amigos.
9f23976aa4da9302239b6d5c03a26a66;a product {name} loved;un producto que {name} ama
9f847e2f408a183c82082f3910f5ed76;{=[count] contents} sent by {name};
a0a2c1628cb2111d28ee6886bd8ef331;1 other had this.;Alguien más tiene esto.
a234e2cb082a4779270fc1e4ef416a87;You and {name1} wished for this.;Usted y {name1} desean esto.
a270473a2e1494981bf6b8aea20fbbd0;{name} wanted {number} products on {application}.;
a2d4388446d557c4a4eeefaaf21cc9ef;{name1} thought about this.;{name1} pensó algo sobre esto.
a3951d21e36ba9a30aa44771c28e5a89;{name1} and {name count others} suggested {product count products} on {megusta.do}.;{name1} y {name count others} recomiendan {product count products} en {megusta.do}.
a5b782a302e556b54e19232ab44565df;{name1} and {name2} thought about this.;{name1} y {name2} pensaron algo sobre esto.
a6dc333dcdc358490f05d2de31834a0f;{name} had {number} products on {application}.;{name} tiene {number} productos en {application}.
a6f1045de80c2ce49b04dbee5f54da1a;{name1} and {name2} sent you {=[count] contents}.;
a6ff0d0995ff61bbe9384d0a3b6e599e;{name1} and {name2} suggested {product1} and {product count other products} on {megusta.do}.;{name1} y {name2} recomiendan {product1} and {product count other products} en {megusta.do}.
a72ae5500db8bf00d680cfeedb015d68;{name1} and {name count others} are suggesting {product1} on {megusta.do}.;
a76718c1b2e32fbe7d7854dec191c508;{name1} and {name count others} wished for {product1} and {product count other products} on {megusta.do}.;{name1} y {name count others} desean {product1} y {product count other products} en {megusta.do}.
a7e9548fff1038016ab8d5655bac0f71;You suggested this.;Usted recomienda esto.
a85bec052ee1606da3acb95680d71210;{name} wanted a product on {application}.;
a883631056d2e3005417610e72f5a443;{name1} is having {product1} and {product2} on {megusta.do}.;
a8cb708a2a8a7d405b57c70c0115e25c;{name1} is wanting {product1} on {megusta.do}.;
a90bacb47bd66c9a86f27d7cf2bff8c3;1 other wanted this. Be the first of your friends.;
a9f9feae17e3dac69cdd0ba9d0909bcb;{name1} and {name count others} are having {product1} on {megusta.do}.;
aa0358b9ea833a62e90005626e612265;{name1} had {product count products} on {megusta.do}.;{name1} tiene {product count products} en {megusta.do}.
aaab777eeca0144e5c0d8a00e8073d68;{name} suggested {number} products.;{name} recomienda {number} productos en {application}.
aaf4c309f9961c3ca2e4475eada2565f;Is wanting {product1} on {megusta.do}.;
ab326b5a4c13a85accc9fc14a25bbc29;{name1} and {name2} wanted {product1} and {product count other products} on {megusta.do}.;
ab578086ac6e8247ea7b1bf790f89a49;a product she wanted;
ab8fabc6c4941b4c1841f6491748477e;{name1} loved {product1} and {product2} on {megusta.do}.;{name1} ama {product1} y{product2} en {megusta.do}.
abad889f856ea19e124da1123613e71a;{name1} and {name count others} wanted {product1} and {product2} on {megusta.do}.;
abea197da15d3026f2eea9337662c6f0;{number} others wished for this.;{number} otros desean esto.
ad56f17f94e566614748aad3ac52c055;You and {name1} had this.;Usted y {name1} tienen esto.
adfad26b0a140a5c220c2bf25bc0b0ba;{name1} and {name count others} thought about a product on {megusta.do}.;{name1} y {name count others} pensaron algo sobre un producto en {megusta.do}.
adfc5c9a5d3ef3a3651ce77aa6b40439;{name1} and {name2} asked you for {=a product}.;
ae65953db05a1a35d3fdf6441e34567c;{name1} is wanting {product1} and {product count other products} on {megusta.do}.;
ae6b3f8bed7ef10fd2a7370af02822bd;{name1} and {name count others} sent you {=[count] products and other requests}.;
aeb2266046008e9997afdab6892b1c13;{name1} is having {product1} and {product count other products} on {megusta.do}.;
aec38d52fe96dcb32076332dd46d0477;You and {name count} others loved this.;Usted y {name count} otros aman esto.
afac61d93b9c3d08b9fd4e15a6ba3496;{name} asked you for {=a product}:;
b02056d217a3e0860488a4600ee3d5bf;{name} asked you for {=a content and other requests}.;
b07ff36212010b6e24dfee8b2a5cf7e9;{name} is thinking about {number} products.;
b256617791f1803e884e7c51f971ff4e;{name} is loving a product.;
b3ed229b201cf0142a62f82ed13597ca;{name1} and {name2} are having {product1} on {megusta.do}.;
b40525e77ea73f2f08e0ceaca6d33197;You and 1 other wished for this.;Usted y alguien más desea esto.
b53117683b2cc76696b602fe4ee22e1f;{name1} and {name2} sent you {=[count] contents and other requests}.;
b557e417f823ea1dbf611fd07900926f;You and {name count} others wanted this.;
b7cb898c0958ec720182ddba72b08e32;Loved {product1} on {megusta.do}.;Ama {product1} en {megusta.do}.
b81db77e961adbb5313186788aef01aa;Suggested {product1} on {megusta.do}.;Recomiendo {product1} en {megusta.do}.
b8ad2afa630868657dafbb3d0e7a4bea;{name1} and {name count others} are having {product1} and {product2} on {megusta.do}.;
b92f21c7ca1be2f66b50ed0041680d1f;{name1} is suggesting {product1} and {product2} on {megusta.do}.;
b947c36dbf4d014b28149c96711b787b;products you loved;productos que usted ama
b9d5967e7d5dbc44ae0648654557f3e6;products she thought about;productos sobre los cuales ella ha pensado algo
b9ef14bba9f6e95a4b32c8c3704e2276;{name} suggested a product on {application}.;{name} recomienda un producto en {application}.
badb80a06301b47a14b91f95f2fc1642;{name1} suggested this.;{name1} recomienda esto.
bb5e63e8a96fae28330d0d5edb23ab1a;{name1} had {product1} and {product2} on {megusta.do}.;{name1} tiene {product1} y {product2} en {megusta.do}.
bc160c0c6044e53485d99f92d751d5dc;{name1} thought about a product on {megusta.do}.;{name1} pensó algo sobre un producto en {megusta.do}.
bc3edfdb026e3e62bc1f98baf5e6f81a;{name1} wanted this.;
bcc7121edae13eb72f68982fcd8bf8a6;{name} wanted a product.;
bd56df593d1c3db4aa6cfeced8c1115f;1 other loved this.;Alguien más ama esto.
bd753f7a278b8684627c010c8cafacf2;Wished for {product1}.;
bdb690d5fd762f8c1b3caf211410910d;{name} sent you {=a product}.;
bf10a9df708b8bdafbfd53bc8f2b0cae;products they loved;productos que ellos aman
bf3c51e702fae853032d94b672ef8f40;{name1} is thinking about {product1} and {product count other products} on {megusta.do}.;
bfa0be07375af4c2e0039959f0fb45f2;Add your products to your timeline.;Agregue sus productos a su línea de tiempo.
c019874b6d889e5ad3b169ad1e2056c5;{name} wished for a product.;{name} desea un producto en {application}.
c1aba7a9ed58fe726f2735b688a0fa02;{number} others suggested this.;{number} otros recomiendan esto.
c2011635121dac87b4b0b0cd1a33462a;a product you wanted;
c235207321968111f79f470d217d04b6;{name1} and {name2} are thinking about {product1} and {product2} on {megusta.do}.;
c314006f8e772f836d655c11481ad418;{name1} thought about {product1} and {product2} on {megusta.do}.;{name1} pensó algo sobre {product1} y {product2} en {megusta.do}.
c4041402d4a26f4f10880953599f6363;products he loved;productos que él ama
c4f392c40e9acc895eb35f285005e5b8;{name1} wanted {product1}.;
c54977303384dc4159ec1955721961a2;{=1 product} sent by {name};
c64c1d9d3057fe2587c54eba20487205;{name1} and {name count others} asked you for {=[count] contents}.;
c66fb478e0287da2027e15a3b4d900e7;{name1} and {name2} sent you {=a content}.;
c673226e58fcb4147a59f1c6b9ab6b25;{name} wanted {number} products for birthday ({birthday}) on {application}.;
c69b2f383998f6042ff70a6b18c0b73a;a product {name} wished for;un producto que {name} desea
c6bb51802a5a085f45b1f28e0b5400b6;{name1} and {name count others} thought about {product1} on {megusta.do}.;{name1} y {name count others} pensaron algo sobre {product1} en {megusta.do}.
c74e35339e477c0dbe9fb3ca52cd841d;{name1} had {product1}.;{name1} tiene {product1} en {megusta.do}.
c7ddcd17cd43da14f5bbb361f8aa8d6d;You loved this.;Usted ama esto.
c84fd86277df8b7f3e92a7c8caec959a;products they suggested;productos que ellos recomiendan
ca1c5818fc826210531e0b20576233b4;{name} is wanting a product.;
ca3375823f171330c869f7d6aa7c63cc;Be the first of your friends who is wanting this.;
cc290519cc7a44bb5d1ee88ed29fda1b;Wished for {product1} on {megusta.do}.;
ccc2cef59330aa8143778f78c83e1dbf;Is loving {product1}.;
cd095c80406fe9dc51f0d9cd93afeb30;{name1} and {name count others} thought about {product1} and {product count other products} on {megusta.do}.;{name1} y {name count others} pensaron algo sobre {product1} y {product count other products} en {megusta.do}.
cf3d566617a239df708321a5266dd014;a product she had;un producto que ella tiene
d0fb7eb30f9bc0774d3795e3b240dba6;{name1} loved {product1}.;{name1} ama {product1} en {megusta.do}.
d0fd8bde66e23e0c19853b8e3b22b405;products you had;productos que usted tiene
d12e1f9a4b8db299133d073782b06b28;{name1} and {name2} loved {product count products} on {megusta.do}.;{name1} y {name2} aman {product count products} en {megusta.do}.
d1dc3596a81a7c5007aea4d25344d202;{name1} and {name2} are thinking about {product1} and {product count other products} on {megusta.do}.;
d2792aef9129ec6ae19b0bf8e0244459;{name1} wanted {product1} on {megusta.do}.;
d29eef60cdedd640842b89598c4e8a30;a product he wanted;
d2e296f0ecdbd6728b9e503354aaab7f;products you suggested;productos que usted recomienda
d34024f6d110845af08b662f87ccc5f0;{name1} and {name2} wanted {product1} and {product2} on {megusta.do}.;
d354e631eb3c1e50246930268590ef6d;{name1} and {name count others} are thinking about {product1} and {product2} on {megusta.do}.;
d4274c679c5eb89b0d32b0f712927f0f;{prod.att_aux_a1} {prod.see_also2};
d445790c421daf233c3ead802fc78879;{name} thought about a product on {application}.;{name} pensó algo sobre un producto en {application}.
d44e41436ebf0b31fcaae5444dd4b7a6;{name1} and {name2} suggested {product1} on {megusta.do}.;{name1} y {name2} recomiendan {product1} en {megusta.do}.
d4baf532e57651018dce7f889cbf56f7;{name1} and {name2} are loving {product1} and {product2} on {megusta.do}.;
d4e32e31b24ebae9d2f323b01fc0bcc5;{name} is thinking about a product.;
d4f10f5ee502edd4c426c9764fde61d8;Is having {product1} on {megusta.do}.;
d51057bfd149807295ab2047e69e8832;a product you suggested;un producto que usted recomienda
d56605c10c625c3849757408596a5210;Be the first of your friends who is loving this.;
d57a0e665f1c5500a4ca013df5717cdc;products he suggested;productos que él recomienda
d5a75a5b5aaa4070b0ae9939c9c7d394;Wanted {product1}.;
d5b9e1abb444b692500a861a645869f5;{name1} and {name2} asked you for {=a content}.;
d619054edafb18259ead8cbb19fb2599;{name1} loved this.;{name1} ama esto.
d6597f6d8a876c0bf82ca470383c9aac;{name1} and {name count others} are loving a product on {megusta.do}.;
d6b468d0b557d3fd5840f166f823dc77;{name} is wishing for {number} products.;
d6ebffac6be9b9a96831c8f6ebf1afb3;{name1} and {name2} are suggesting {product1} on {megusta.do}.;
d6f4a7c7a41ab16e7b6998a7517702b7;{name1} is wanting {product count products} on {megusta.do}.;
d708da525009f81011e54829c1a2546f;{name1} and {name2} wished for {product1} and {product count other products} on {megusta.do}.;{name1} y {name2} desean {product1} y {product count other products} en {megusta.do}.
d9a7d5943c1b466bff720ad1222f020a;products {name} loved;productos que {name} ama
dcbb79e894ed64b4c877ad82d80937c4;{name1} is loving {product count products} on {megusta.do}.;
dce057bab2bff7ead2edd175cf8a3dc1;{name1} is thinking about {product1} on {megusta.do}.;
dcf69246ccbf7643a76454a81dc90e2f;products you wished for;productos que usted desea
dd71b3dabc4dd0dfabc532cbc8a25044;{name1} and {name count} others thought about this.;{name1} y {name count} otros pensaron algo sobre esto.
ddb7eb16aa1a9f643a04835be8c0335a;Is thinking about {product1} on {megusta.do}.;
de3a48eede022433db7a3149d6155d47;{name} loved a product on {application}.;{name} ama un producto en {application}.
de99b08c9ef19674210340c9abf10d4b;1 other wanted this.;
df7cf612d618662081b2e80720557ea5;Is wanting {product1}.;
dfa502eabb71a22a51cf8d6cfa720a47;{name1} and {name2} suggested {product1} and {product2} on {megusta.do}.;{name1} y {name2} recomiendan {product1} y {product2} en {megusta.do}.
dfb675979e100ae316b2c8bdfde50571;{name1} and {name count others} are having {product count products} on {megusta.do}.;
dfdd22af250e75bb88e0c6427d92ce67;{name1} and {name count others} asked you for {=a content and other requests}.;
e013a59950531226ec4d54699a4d8098;{name1} and {name2} wanted {product1} for birthday ({birthday}) on {megusta.do}.;
e0887e3192235560ba87366799a49b3c;{name1} and {name count others} are suggesting {product count products} on {megusta.do}.;
e0d2cb614164aedf37ab06c840c53fdb;products you thought about;produtos sobre los cuales usted pensó algo
e1e84129555491b4409dcd46488f9031;{=1 product} asked for by {name};
e212cdf1557377f7fe116c24ea994583;{name} is having a product on {application}.;
e232111bdd3ebd580bf1191027e51b56;{=[count] products} asked for by {name};
e2bb387b805d0f4fff4dc08158ec05e6;{name1} and {name count others} sent you {=a product}.;
e3d30a0732bd5819d92a8a2b06ea6e24;{name1} and {name2} are wishing for {product1} and {product count other products} on {megusta.do}.;
e4b65bfcf42b14757511769e2279436f;{name1} and {name2} are wanting {product1} on {megusta.do}.;
e4f06608b46eb5e41d280ec0fb7d9a1f;{name1} and {name count others} are suggesting {product1} and {product count other products} on {megusta.do}.;
e51046feab9e6b3c5b9ce07c7b185337;{name1} is loving a product on {megusta.do}.;
e56b79f243c0d5585b674bf78a55468b;{name1} is wanting a product on {megusta.do}.;
e6a9255a546bbd472a7b14d2810fed43;{name1} is thinking about a product on {megusta.do}.;
e74071848bafddbef621cd3af5c1a05d;products he wished for;productos que él desea
e74b109dcc6eda8878a4dfd777f5429c;{name1} and {name count others} are wanting {product1} on {megusta.do}.;
e85e8f4b589922a0359fb6605b72685e;products {name} thought about;produtos sobre los cuales {name} pensó algo
e87a822774bfd78deb71ddc4e2aa68cb;products {name} wished for;productos que {name} desea
e8f427325c351bf2ce071429734240c3;a product she suggested;un producto que ella recomienda
e93a145e216bf2db2ee592794c980a3b;{name1} and {name2} wished for {product1} on {megusta.do}.;{name1} y {name2} desean {product1} en {megusta.do}.
e955b2f17ed6309ee0b6aed168e4a91f;1 other thought about this. Be the first of your friends.;1 otro pensó algo sobre esto. Sé el primero de tus amigos.
e9f6ff5d6c1fdb0674b512ac055cb65d;{name1} and {name count others} wanted {product1} on {megusta.do}.;
ea247b4ac60924b1e0bafd0503771ee5;a product they suggested;un producto que ellos recomiendan
ea590718fbdd89d99e6a5aba969c2cd9;{name} wished for {number} products.;{name} desea {number} productos en {application}.
eb18da3ceb59aa2dc706197e7aeb1cd3;{name1} and {name2} wanted {product count products} for birthday ({birthday}) on {megusta.do}.;
ebba52c4bdb28553b890ebc1207742e6;{name1} and {name2} are having {product1} and {product count other products} on {megusta.do}.;
ec386908a843e5620e749187c5d99808;{name1} suggested a product on {megusta.do}.;{name1} recomienda un producto en {megusta.do}.
ec79c154048cc0fc875613d480a38a37;{name1} wanted {product1} for birthday ({birthday}).;
ecd5bcb540eaee724ddca6fd63f744e1;{prod.sub_expression1}! {prod.att_aux_a2} {prod.see_also3};
ed05b79b865567ed321da2679250674c;{name} suggested a product.;{name} recomienda un producto en {application}.
ed4beb5620e4a6c6cf13ceb1dfd2fcde;You and {number} others loved this.;Usted y {number} otros aman esto.
eda2773f8dddf03b13875ce057e503e9;{name1} wished for {product1}.;{name1} desea {product1} en {megusta.do}.
ee99383b5e579ef64898de3d76c26d87;{=1 content} sent by {name};
efc324107667145829bab1e5077c1ec7;{name1} is suggesting {product count products} on {megusta.do}.;
efeea47f3fc7bfbdf09d6753ea016e19;{name1} and {name2} are wishing for a product on {megusta.do}.;
f0844ed06b54e9f47b3f36d71769231f;products they wished for;productos que ellos desean
f08f283ea9cc4912fd0c33bf954843ab;Is wishing for {product1} on {megusta.do}.;
f0b27dc123ca5b5d7b351897b1410ba5;{name} is suggesting {number} products.;
f1701a87b9e791af6efcaff8a2ec7c91;{name1} and {name count} others wanted this.;
f1a43eee5a76ae807b8727ccd32ca42e;{name1} and {name count others} had a product on {megusta.do}.;{name1} y {name count others} tienen un producto en {megusta.do}.
f291b2e053d2281cb95a1fa120a93d4f;{name1} and {name2} are suggesting {product count products} on {megusta.do}.;
f6ba16efe987dd2d46be74584122b9cf;{name} is having a product.;
f74c6b502eda81aaee32f37d805fa54b;{name1} and {name count others} wished for {product1} and {product2} on {megusta.do}.;{name1} y {name count others} desean {product1} y {product2} en {megusta.do}.
f7882960701af73d4a84253c2f10d7b6;{name1} and {name count others} sent you {=[count] contents}.;
f7ecb4ae86fd5c973eca8633694be9fe;{name} loved {number} products.;{name} ama {number} productos en {application}.
f85a9846d840515e83b0a9e609fb6525;{name1} and {name count others} had {product1} and {product2} on {megusta.do}.;{name1} y {name count others} tienen {product1} y {product2} en {megusta.do}.
f904720c9b9ee2ccd74a7bac65ce9a4a;{name1} and {name count others} sent you {=a content}.;
f92e8dae8014efaed5f57c7b81b30256;{name1} and {name2} loved a product on {megusta.do}.;{name1} y {name2} aman un producto en {megusta.do}.
f99d6b7fe2ee660c307d4de53ef15675;a product she wished for;un producto que ella desea
fa4abf14c979b8c9870f250ea5d7d7b9;{name1} suggested {product1} on {megusta.do}.;{name1} recomienda {product1} en {megusta.do}.
fb6c88f03bdd2983249775adbd238348;a product you wished for;un producto que usted desea
fb7134c5dc106f795a587957357acd1f;{name} sent you {=a product and other requests}.;
fb82fd46402fc515fc7ac17cd7b0a6e5;{name1} and {name2} are wishing for {product1} on {megusta.do}.;
fba25449815306dee2f3661eeca538b2;{name} thought about {number} products.;{name} pensó algo sobre {number} productos en {application}.
fcceddb3c4a5f8fddc2fab9fbc8c1390;{number} others had this.;{number} otros tienen esto.
fcd388855d677f9ba30e57555a2b4a5e;products she loved;productos que ella ama
fce3e9de5e3684e55d36a92c56d99ace;{name} sent you {=[count] contents}.;
fd3517d70d25ddf0b1d99c8e520cd55d;products she wanted;
fd74cc4845cbd64815d07daa992fe391;{name} is suggesting {number} products on {application}.;
fe9c89b0cd05c1bcaf96e960546425f3;{name1} suggested {product1} and {product count other products} on {megusta.do}.;{name1} recomienda {product1} y {product count other products} en {megusta.do}.
fee5eaadfea16f5ac21426519e56aa27;{name} asked you for {=[count] products}.;
